all_recall_at_10,basename_all_recall_at_10,code_precision_at_5,code_recall_at_10,code_recall_at_5,condition,elapsed_sec,model,n,parse_ok,task_category,test_precision_at_5,test_recall_at_10,test_recall_at_5
0.053996290545203586,0.09889255521049002,0.13994565217391305,0.09100690443401441,0.09100690443401441,issue_only,2.054847826086957,deepseek-coder:6.7b,184,1.0,Feature,0.002717391304347826,0.005434782608695652,0.005434782608695652
0.2909035440739321,0.33115475056512705,0.4576992753623189,0.32097784373199983,0.32097784373199983,issue_plus_hints,2.696016304347824,deepseek-coder:6.7b,184,1.0,Feature,0.1991847826086956,0.2670545336306206,0.2670545336306206
0.2963793238560619,0.3357823078063857,0.4433876811594204,0.31805321703019923,0.31805321703019923,issue_plus_inventory,4.421891304347824,deepseek-coder:6.7b,184,1.0,Feature,0.22726449275362318,0.3075589567437394,0.3075589567437394
0.05168917204562984,0.11027272394321762,0.057065217391304345,0.08419650468883205,0.08419650468883205,issue_only,2.0715597826086967,gemma3:4b,184,1.0,Feature,0.003260869565217392,0.009963768115942028,0.009963768115942028
0.3592629263423339,0.4028065009821614,0.5212862318840581,0.3320844853853167,0.3320844853853167,issue_plus_hints,1.45816847826087,gemma3:4b,184,1.0,Feature,0.4352355072463771,0.4429832836365338,0.4429832836365338
0.37858043917184164,0.4313085390748189,0.49610507246376834,0.353577445217471,0.353577445217471,issue_plus_inventory,2.672048913043478,gemma3:4b,184,1.0,Feature,0.3979166666666669,0.4321590082742148,0.4321590082742148
0.38760075264326077,0.41013791630969093,0.2597826086956524,0.5625172861026443,0.43985410547111314,issue_only,0.0,lexical_path_ranker,184,1.0,Feature,0.18695652173913024,0.6165811079137058,0.5113325973662823
0.38760075264326077,0.41013791630969093,0.2597826086956524,0.5625172861026443,0.43985410547111314,issue_plus_hints,0.0,lexical_path_ranker,184,1.0,Feature,0.18695652173913024,0.6165811079137058,0.5113325973662823
0.38760075264326077,0.41013791630969093,0.2597826086956524,0.5625172861026443,0.43985410547111314,issue_plus_inventory,0.0,lexical_path_ranker,184,1.0,Feature,0.18695652173913024,0.6165811079137058,0.5113325973662823
0.06793478260869565,0.14232732767019846,0.06322463768115943,0.10700018580453365,0.10700018580453365,issue_only,1.1581847826086962,llama3.2:3b,184,1.0,Feature,0.007427536231884058,0.019021739130434784,0.019021739130434784
0.3327944451028922,0.38729454355144555,0.2843297101449278,0.36126708791350753,0.36126708791350753,issue_plus_hints,1.216684782608695,llama3.2:3b,184,1.0,Feature,0.1815217391304347,0.35258426538425464,0.35258426538425464
0.33824523273217977,0.4091631656032237,0.267844202898551,0.3692875095208856,0.3692875095208856,issue_plus_inventory,1.860956521739131,llama3.2:3b,184,1.0,Feature,0.1601449275362317,0.34971076509227605,0.34971076509227605
0.01653726708074534,0.06488275382616815,0.04076086956521739,0.02320350241545894,0.02320350241545894,issue_only,3.224510869565217,phi3:mini,184,0.9945652173913043,Feature,0.008152173913043478,0.002717391304347826,0.002717391304347826
0.16328776014342453,0.21256573022086514,0.31521739130434784,0.19637161289974586,0.19637161289974586,issue_plus_hints,3.06574456521739,phi3:mini,184,1.0,Feature,0.09782608695652174,0.07612351297241526,0.07612351297241526
0.17462361480808355,0.22695704409113163,0.29347826086956524,0.20381805162016164,0.20381805162016164,issue_plus_inventory,4.958749999999998,phi3:mini,184,1.0,Feature,0.10099637681159422,0.11011462753418198,0.11011462753418198
0.06562823498964802,0.1361744026819641,0.10869565217391304,0.10790166958645218,0.10790166958645218,issue_only,0.7853532608695657,qwen2.5-coder:1.5b,184,1.0,Feature,0.008152173913043478,0.012228260869565218,0.012228260869565218
0.3279509885169419,0.3817035276058281,0.265126811594203,0.29954258585972154,0.29954258585972154,issue_plus_hints,0.969576086956522,qwen2.5-coder:1.5b,184,1.0,Feature,0.18650362318840583,0.2408541929204865,0.2408541929204865
0.3264899946452115,0.3951122783934778,0.270018115942029,0.30538929048360003,0.30538929048360003,issue_plus_inventory,1.2346793478260871,qwen2.5-coder:1.5b,184,1.0,Feature,0.17237318840579705,0.22020201900744302,0.22020201900744302
0.12466140441683918,0.22902730499849708,0.17898550724637677,0.18683939852418113,0.18683939852418113,issue_only,15.22609239130435,qwen2.5-coder:14b,184,1.0,Feature,0.04619565217391304,0.05661231884057972,0.05661231884057972
0.46700138748989756,0.5429007236377273,0.4326086956521742,0.47132965517716163,0.47132965517716163,issue_plus_hints,14.515385869565211,qwen2.5-coder:14b,184,1.0,Feature,0.3773550724637683,0.5474711858429034,0.5474711858429034
0.4694426386332368,0.5442665133411203,0.4177536231884061,0.473483962222773,0.473483962222773,issue_plus_inventory,44.96156521739131,qwen2.5-coder:14b,184,1.0,Feature,0.35715579710144957,0.5487562232692451,0.5487562232692451
0.1331873285703695,0.22370229549303222,0.24746376811594215,0.20181500174307082,0.20181500174307082,issue_only,9.865097826086956,qwen2.5-coder:32b,184,1.0,Feature,0.05434782608695652,0.06114130434782609,0.06114130434782609
0.477138296445176,0.5282860260577441,0.5456521739130435,0.4718546984771411,0.4718546984771411,issue_plus_hints,9.728755434782608,qwen2.5-coder:32b,184,1.0,Feature,0.4633152173913042,0.5649346263759201,0.5649346263759201
0.46960930449722627,0.5224988293727568,0.5238224637681158,0.46438167633020594,0.46438167633020594,issue_plus_inventory,15.620869565217385,qwen2.5-coder:32b,184,1.0,Feature,0.46068840579710146,0.5684801750301643,0.5684801750301643
0.07077510351966873,0.13728714560378766,0.17119565217391305,0.12161371237458192,0.12161371237458192,issue_only,1.0384728260869565,qwen2.5-coder:3b,184,1.0,Feature,0.008152173913043478,0.008152173913043478,0.008152173913043478
0.3634281624808755,0.43016639006856144,0.42681159420289844,0.3343776783035096,0.3343776783035096,issue_plus_hints,1.1430489130434787,qwen2.5-coder:3b,184,1.0,Feature,0.33396739130434794,0.42887225879181323,0.42887225879181323
0.3366478174057284,0.39895434728043155,0.439855072463768,0.3201712325753247,0.3201712325753247,issue_plus_inventory,1.7066902173913037,qwen2.5-coder:3b,184,1.0,Feature,0.31775362318840594,0.4062686395849331,0.4062686395849331
0.09866434139531967,0.16640787431430143,0.19791666666666666,0.15015545515865203,0.15015545515865203,issue_only,2.0982228260869555,qwen2.5-coder:7b,184,1.0,Feature,0.035326086956521736,0.03940217391304348,0.03940217391304348
0.41668290014326775,0.45856538413189474,0.43505434782608693,0.41254629854374114,0.41254629854374114,issue_plus_hints,2.179467391304348,qwen2.5-coder:7b,184,1.0,Feature,0.38641304347826083,0.4848188333525183,0.4848188333525183
0.40434502444621684,0.4526138253567308,0.4092391304347825,0.39206881407169136,0.39206881407169136,issue_plus_inventory,3.348315217391304,qwen2.5-coder:7b,184,1.0,Feature,0.37264492753623185,0.4754891232075907,0.4754891232075907
0.056140010351966876,0.12997398053424267,0.14057971014492754,0.09256350533524445,0.09256350533524445,issue_only,2.140603260869566,qwen2.5:3b,184,1.0,Feature,0.008152173913043478,0.008152173913043478,0.008152173913043478
0.3615223247141501,0.4313187503580548,0.22998188405797138,0.33906924277768274,0.33906924277768274,issue_plus_hints,3.264684782608694,qwen2.5:3b,184,1.0,Feature,0.202626811594203,0.4128501016011778,0.4128501016011778
0.3694720914446523,0.4427048098619214,0.19773550724637673,0.33270925312964966,0.33270925312964966,issue_plus_inventory,4.2227010869565245,qwen2.5:3b,184,1.0,Feature,0.1828804347826086,0.4164902114912877,0.4164902114912877
0.0,0.0,0.0,0.0,0.0,issue_only,2.7220597826086954,qwen3:4b,184,0.0,Feature,0.0,0.0,0.0
0.0,0.0,0.0,0.0,0.0,issue_plus_hints,3.7153695652173924,qwen3:4b,184,0.0,Feature,0.0,0.0,0.0
0.0,0.0,0.0,0.0,0.0,issue_plus_inventory,4.978673913043477,qwen3:4b,184,0.0,Feature,0.0,0.0,0.0
