,,recall_10,recall_10,precision_10,precision_10,mrr_10,mrr_10
,,mean,count,mean,count,mean,count
method,language,,,,,,
content_bm25,Java,0.15836489898989897,44,0.08181818181818182,44,0.1364177489177489,44
content_bm25,JavaScript,0.2145252525252525,50,0.08800000000000001,50,0.313547619047619,50
content_bm25,Python,0.17672305764411025,38,0.06315789473684211,38,0.2001670843776107,38
content_bm25,TypeScript,0.1463841713841714,52,0.055769230769230765,52,0.15194597069597068,52
dense_minilm,Java,0.10500541125541125,44,0.056818181818181816,44,0.10497835497835496,44
dense_minilm,JavaScript,0.17174603174603173,50,0.10800000000000001,50,0.293984126984127,50
dense_minilm,Python,0.24373433583959903,38,0.07368421052631578,38,0.31008771929824563,38
dense_minilm,TypeScript,0.1872885447885448,52,0.09615384615384616,52,0.28597374847374846,52
devstral-small-2:24b/content,Java,0.29629779942279943,44,0.14545454545454548,44,0.5765151515151515,44
devstral-small-2:24b/content,JavaScript,0.31718799762329175,50,0.168,50,0.6283333333333334,50
devstral-small-2:24b/content,Python,0.5468045112781955,38,0.1736842105263158,38,0.8421052631578947,38
devstral-small-2:24b/content,TypeScript,0.397114343989344,52,0.1846153846153846,52,0.632051282051282,52
devstral-small-2:24b/paths,Java,0.32224025974025977,44,0.1590909090909091,44,0.618939393939394,44
devstral-small-2:24b/paths,JavaScript,0.35778092691622104,50,0.172,50,0.5951904761904762,50
devstral-small-2:24b/paths,Python,0.5437969924812031,38,0.18421052631578946,38,0.8991228070175438,38
devstral-small-2:24b/paths,TypeScript,0.4051714257964258,52,0.19230769230769232,52,0.5903846153846154,52
hybrid_rrf,Java,0.19675775613275615,44,0.09772727272727272,44,0.27140151515151517,44
hybrid_rrf,JavaScript,0.2611128342245989,50,0.14,50,0.48522222222222217,50
hybrid_rrf,Python,0.4117481203007519,38,0.1131578947368421,38,0.48640350877192984,38
hybrid_rrf,TypeScript,0.22519431956931957,52,0.11153846153846153,52,0.2761752136752137,52
path_bm25,Java,0.17224025974025972,44,0.07045454545454545,44,0.1558982683982684,44
path_bm25,JavaScript,0.1122875816993464,50,0.05,50,0.10805555555555556,50
path_bm25,Python,0.2583333333333333,38,0.06842105263157895,38,0.15921052631578947,38
path_bm25,TypeScript,0.11406517094017093,52,0.04615384615384615,52,0.13205128205128205,52
qwen3-coder:30b/content,Java,0.3247339466089466,44,0.1659090909090909,44,0.6032828282828283,44
qwen3-coder:30b/content,JavaScript,0.35691729055258464,50,0.188,50,0.6275238095238095,50
qwen3-coder:30b/content,Python,0.5334273182957393,38,0.1736842105263158,38,0.8342105263157894,38
qwen3-coder:30b/content,TypeScript,0.37305749805749805,52,0.18846153846153849,52,0.6490384615384616,52
qwen3-coder:30b/paths,Java,0.3084460678210678,44,0.15454545454545454,44,0.5814393939393939,44
qwen3-coder:30b/paths,JavaScript,0.35943951277480685,50,0.17,50,0.5659126984126984,50
qwen3-coder:30b/paths,Python,0.5913847117794486,38,0.20526315789473687,38,0.881578947368421,38
qwen3-coder:30b/paths,TypeScript,0.39019279331779333,52,0.19615384615384615,52,0.6277472527472528,52
