task_id,repo,language,repository_files,existing_gold,existing_code,existing_tests,added_gold,unexplained_absent,candidate_ceiling_40,candidate_oracle_10,full_universe_oracle_10,legacy_candidate_count,legacy_candidates_absent,legacy_absent_fraction,legacy_existing_gold_coverage,path_bm25_coverage_40,content_bm25_coverage_40,dense_minilm_coverage_40,hybrid_rrf_coverage_40,hints_nonempty,hints_mention_gold_path,issue_characters,binary_files,truncated_files
google__gson-2498,google/gson,Java,303,8,3,5,0,0,0.125,0.125,1.0,80,3,0.0375,1.0,0.125,0.375,0.125,0.125,True,False,2335,2,0
apolloconfig__apollo-4207,apolloconfig/apollo,Java,1526,4,3,1,0,0,0.75,0.75,1.0,45,1,0.022222222222222223,1.0,0.5,0.75,0.5,0.75,True,False,1286,208,0
google__gson-1904,google/gson,Java,266,7,5,2,0,0,0.8571428571428571,0.8571428571428571,1.0,80,16,0.2,1.0,0.8571428571428571,0.8571428571428571,0.5714285714285714,0.8571428571428571,True,False,509,3,0
google__gson-2345,google/gson,Java,291,7,4,3,0,0,0.8571428571428571,0.8571428571428571,1.0,80,2,0.025,1.0,0.2857142857142857,1.0,0.42857142857142855,0.8571428571428571,False,False,1125,2,0
google__gson-2479,google/gson,Java,302,4,2,2,0,0,0.75,0.75,1.0,80,3,0.0375,1.0,0.5,0.75,0.0,0.75,True,True,1242,2,0
google__guava-3971,google/guava,Java,3260,4,2,2,0,0,1.0,1.0,1.0,23,0,0.0,1.0,0.0,1.0,0.5,1.0,True,True,1062,0,4
google__gson-2701,google/gson,Java,311,2,1,1,1,0,0.5,0.5,1.0,80,8,0.1,1.0,0.5,0.5,0.5,0.5,False,False,6952,2,0
apache__rocketmq-7455,apache/rocketmq,Java,2297,3,2,1,0,0,0.3333333333333333,0.3333333333333333,1.0,80,8,0.1,0.6666666666666666,0.0,0.3333333333333333,0.0,0.3333333333333333,True,False,579,61,0
apolloconfig__apollo-4464,apolloconfig/apollo,Java,1510,16,15,1,0,0,0.25,0.25,0.625,45,1,0.022222222222222223,1.0,0.0,0.125,0.375,0.25,True,False,1086,210,0
apache__rocketmq-7655,apache/rocketmq,Java,2327,2,1,1,0,0,0.0,0.0,1.0,80,5,0.0625,0.5,0.0,0.0,0.0,0.0,False,False,1931,63,0
google__gson-2130,google/gson,Java,255,2,1,1,0,0,1.0,1.0,1.0,80,14,0.175,1.0,1.0,0.5,1.0,1.0,True,False,232,2,0
google__gson-2420,google/gson,Java,291,12,9,3,0,0,0.75,0.75,0.8333333333333334,80,2,0.025,1.0,0.6666666666666666,0.8333333333333334,0.5833333333333334,0.75,False,False,5038,2,0
apache__dubbo-10846,apache/dubbo,Java,3623,4,1,3,0,0,0.25,0.25,1.0,80,31,0.3875,1.0,0.25,0.25,0.0,0.25,False,False,300,5,0
apache__rocketmq-6755,apache/rocketmq,Java,2258,13,9,4,0,0,0.0,0.0,0.7692307692307693,80,7,0.0875,0.8461538461538461,0.0,0.0,0.0,0.0,False,False,66,61,0
apache__rocketmq-7964,apache/rocketmq,Java,2462,2,1,1,0,0,0.0,0.0,1.0,80,7,0.0875,1.0,0.0,0.0,0.0,0.0,False,False,1380,63,0
apache__dubbo-11420,apache/dubbo,Java,3812,10,8,2,0,0,0.2,0.2,1.0,80,29,0.3625,0.9,0.5,0.1,0.2,0.2,False,False,1902,4,0
apache__rocketmq-5286,apache/rocketmq,Java,2008,4,3,1,0,0,0.25,0.25,1.0,80,9,0.1125,1.0,0.0,0.5,0.0,0.25,False,False,235,38,0
apache__rocketmq-5706,apache/rocketmq,Java,2052,5,3,2,0,0,0.8,0.8,1.0,80,14,0.175,1.0,0.4,0.4,0.4,0.8,False,False,5243,38,0
apache__dubbo-13869,apache/dubbo,Java,4391,4,2,2,0,0,0.0,0.0,1.0,80,29,0.3625,1.0,0.0,0.0,0.0,0.0,True,True,383,4,0
apache__dubbo-11255,apache/dubbo,Java,3756,2,1,1,0,0,0.5,0.5,1.0,80,35,0.4375,1.0,0.5,0.5,0.5,0.5,False,False,11614,5,0
apache__rocketmq-5062,apache/rocketmq,Java,2005,6,4,2,3,0,0.5,0.5,1.0,80,17,0.2125,1.0,0.6666666666666666,0.16666666666666666,0.0,0.5,False,False,1213,38,0
apache__dubbo-8032,apache/dubbo,Java,2803,4,3,1,0,0,0.0,0.0,1.0,80,37,0.4625,0.75,0.0,0.25,0.0,0.0,True,False,223,5,0
apache__dubbo-2750,apache/dubbo,Java,1618,2,1,1,0,0,0.0,0.0,1.0,80,78,0.975,0.5,0.0,1.0,0.0,0.0,False,False,100,1,0
apache__rocketmq-6522,apache/rocketmq,Java,2223,18,17,1,0,0,0.05555555555555555,0.05555555555555555,0.5555555555555556,80,3,0.0375,0.7777777777777778,0.0,0.16666666666666666,0.05555555555555555,0.05555555555555555,False,False,249,61,0
apolloconfig__apollo-4199,apolloconfig/apollo,Java,1525,5,4,1,1,0,0.0,0.0,1.0,45,2,0.044444444444444446,1.0,0.0,0.0,0.0,0.0,True,False,254,208,0
apache__rocketmq-4122,apache/rocketmq,Java,1253,2,2,0,1,0,0.5,0.5,1.0,80,44,0.55,1.0,0.0,0.5,0.5,0.5,False,False,1014,26,0
apache__rocketmq-3862,apache/rocketmq,Java,1239,2,1,1,0,0,0.0,0.0,1.0,80,42,0.525,1.0,0.0,0.0,0.0,0.0,False,False,1283,26,0
apache__rocketmq-7544,apache/rocketmq,Java,2314,14,14,0,1,0,0.0,0.0,0.7142857142857143,80,6,0.075,0.42857142857142855,0.07142857142857142,0.0,0.0,0.0,False,False,1967,63,0
apolloconfig__apollo-4119,apolloconfig/apollo,Java,1521,12,8,4,3,0,0.25,0.25,0.8333333333333334,45,5,0.1111111111111111,1.0,0.0,0.08333333333333333,0.3333333333333333,0.25,True,False,273,208,0
trinodb__trino-741,trinodb/trino,Java,7355,4,3,1,0,0,1.0,1.0,1.0,80,18,0.225,1.0,0.5,1.0,1.0,1.0,True,False,1548,42,7
trinodb__trino-1872,trinodb/trino,Java,7796,8,3,5,0,0,0.125,0.125,1.0,80,9,0.1125,0.75,0.0,0.125,0.0,0.125,True,False,780,44,7
trinodb__trino-1174,trinodb/trino,Java,7624,15,13,2,0,0,0.3333333333333333,0.3333333333333333,0.6666666666666666,80,8,0.1,0.9333333333333333,0.5333333333333333,0.3333333333333333,0.2,0.3333333333333333,False,False,311,43,7
trinodb__trino-117,trinodb/trino,Java,7131,2,1,1,0,0,0.5,0.5,1.0,80,23,0.2875,1.0,1.0,0.5,0.0,0.5,False,False,118,67,7
trinodb__trino-5507,trinodb/trino,Java,9030,5,3,2,1,0,0.2,0.2,1.0,80,5,0.0625,0.8,0.4,0.2,0.0,0.2,True,False,906,63,7
trinodb__trino-4458,trinodb/trino,Java,8734,4,2,2,0,0,0.5,0.5,1.0,80,3,0.0375,1.0,0.5,0.5,0.5,0.5,False,False,1019,61,7
trinodb__trino-799,trinodb/trino,Java,7334,7,5,2,0,0,0.0,0.0,1.0,80,19,0.2375,0.0,0.0,0.0,0.0,0.0,False,False,652,42,7
trinodb__trino-4600,trinodb/trino,Java,8736,4,3,1,0,0,0.0,0.0,1.0,80,3,0.0375,1.0,0.25,0.25,0.0,0.0,False,False,335,61,7
trinodb__trino-3392,trinodb/trino,Java,8158,4,3,1,0,0,0.25,0.25,1.0,80,4,0.05,0.75,0.0,0.0,0.0,0.25,False,False,6704,56,7
trinodb__trino-748,trinodb/trino,Java,7230,3,2,1,0,0,0.6666666666666666,0.6666666666666666,1.0,80,14,0.175,1.0,1.0,0.0,0.6666666666666666,0.6666666666666666,True,False,516,42,7
trinodb__trino-3638,trinodb/trino,Java,9026,6,3,3,0,0,0.16666666666666666,0.16666666666666666,1.0,80,5,0.0625,1.0,0.0,0.16666666666666666,0.0,0.16666666666666666,False,False,216,63,7
trinodb__trino-3771,trinodb/trino,Java,8327,4,3,1,0,0,0.25,0.25,1.0,80,6,0.075,1.0,0.0,0.25,0.0,0.25,False,False,360,56,7
trinodb__trino-6074,trinodb/trino,Java,9094,5,2,3,0,0,1.0,1.0,1.0,80,4,0.05,1.0,1.0,1.0,0.8,1.0,False,False,339,63,7
trinodb__trino-1848,trinodb/trino,Java,8203,3,2,1,0,0,0.6666666666666666,0.6666666666666666,1.0,80,6,0.075,0.3333333333333333,0.0,0.6666666666666666,0.0,0.6666666666666666,True,False,225,56,7
trinodb__trino-1090,trinodb/trino,Java,7664,6,3,3,7,0,0.8333333333333334,0.8333333333333334,1.0,80,17,0.2125,0.5,0.0,0.8333333333333334,0.0,0.8333333333333334,False,False,63,43,7
mrdoob__three.js-14566,mrdoob/three.js,JavaScript,4481,5,4,1,0,0,0.2,0.2,1.0,77,6,0.07792207792207792,1.0,0.4,0.0,0.2,0.2,False,False,516,1032,105
mrdoob__three.js-17649,mrdoob/three.js,JavaScript,3665,18,17,1,0,0,0.3888888888888889,0.3888888888888889,0.5555555555555556,77,7,0.09090909090909091,1.0,0.0,0.2777777777777778,0.3333333333333333,0.3888888888888889,True,False,2131,503,88
mrdoob__three.js-20478,mrdoob/three.js,JavaScript,4211,4,3,1,0,0,0.5,0.5,1.0,77,4,0.05194805194805195,1.0,1.0,0.5,0.25,0.5,True,False,1033,890,94
mrdoob__three.js-21532,mrdoob/three.js,JavaScript,3577,5,4,1,0,0,0.8,0.8,1.0,77,8,0.1038961038961039,1.0,0.8,0.6,0.6,0.8,True,True,417,884,86
mrdoob__three.js-21826,mrdoob/three.js,JavaScript,3718,5,4,1,0,0,0.2,0.2,1.0,77,7,0.09090909090909091,1.0,1.0,0.4,0.2,0.2,True,False,244,889,86
mrdoob__three.js-23596,mrdoob/three.js,JavaScript,4467,3,2,1,1,0,0.6666666666666666,0.6666666666666666,1.0,77,7,0.09090909090909091,1.0,0.6666666666666666,0.3333333333333333,0.6666666666666666,0.6666666666666666,False,False,234,1029,105
mrdoob__three.js-23796,mrdoob/three.js,JavaScript,4481,15,9,6,0,0,0.6666666666666666,0.6666666666666666,0.6666666666666666,77,6,0.07792207792207792,1.0,0.4,0.0,0.5333333333333333,0.6666666666666666,True,False,759,1032,105
sveltejs__svelte-778,sveltejs/svelte,JavaScript,1386,5,4,1,4,0,0.0,0.0,1.0,80,67,0.8375,0.0,0.0,0.6,0.0,0.0,True,False,721,0,0
sveltejs__svelte-785,sveltejs/svelte,JavaScript,1390,25,1,24,0,0,0.6,0.4,0.4,80,68,0.85,0.08,0.0,0.4,0.36,0.6,False,False,704,0,0
sveltejs__svelte-1148,sveltejs/svelte,JavaScript,1833,9,4,5,1,0,0.7777777777777778,0.7777777777777778,1.0,80,61,0.7625,0.6666666666666666,0.2222222222222222,0.8888888888888888,0.4444444444444444,0.7777777777777778,True,True,464,0,0
sveltejs__svelte-1811,sveltejs/svelte,JavaScript,2298,20,2,18,2,0,0.55,0.5,0.5,80,44,0.55,0.55,0.0,0.35,0.45,0.55,False,False,274,0,0
sveltejs__svelte-2187,sveltejs/svelte,JavaScript,2562,12,4,8,5,0,0.25,0.25,0.8333333333333334,80,59,0.7375,0.6666666666666666,0.0,0.16666666666666666,0.3333333333333333,0.25,False,False,709,17,0
sveltejs__svelte-5442,sveltejs/svelte,JavaScript,4354,8,5,3,2,0,0.25,0.25,1.0,80,41,0.5125,0.5,0.0,0.375,0.25,0.25,False,False,446,109,0
sveltejs__svelte-6223,sveltejs/svelte,JavaScript,4762,5,1,4,4,0,0.2,0.2,1.0,80,43,0.5375,0.8,0.0,0.0,0.2,0.2,False,False,1668,110,0
sveltejs__svelte-6528,sveltejs/svelte,JavaScript,4898,4,4,0,4,0,0.25,0.25,1.0,80,44,0.55,0.0,0.0,0.25,0.0,0.25,True,False,913,110,0
sveltejs__svelte-6564,sveltejs/svelte,JavaScript,4936,1,1,0,4,0,0.0,0.0,1.0,80,35,0.4375,1.0,0.0,0.0,0.0,0.0,True,False,1254,110,0
sveltejs__svelte-6613,sveltejs/svelte,JavaScript,4997,2,1,1,2,0,0.0,0.0,1.0,80,38,0.475,0.5,0.0,0.0,0.0,0.0,True,False,1821,110,0
sveltejs__svelte-6838,sveltejs/svelte,JavaScript,5048,3,2,1,0,0,0.6666666666666666,0.6666666666666666,1.0,80,28,0.35,0.6666666666666666,0.3333333333333333,0.6666666666666666,0.3333333333333333,0.6666666666666666,False,False,1578,110,0
prettier__prettier-16765,prettier/prettier,JavaScript,8713,1,1,0,4,0,0.0,0.0,1.0,80,70,0.875,1.0,0.0,0.0,0.0,0.0,True,False,4521,91,1
prettier__prettier-14317,prettier/prettier,JavaScript,8122,4,3,1,1,0,0.5,0.5,1.0,80,66,0.825,0.0,0.0,0.5,0.0,0.5,False,False,445,85,1
prettier__prettier-14108,prettier/prettier,JavaScript,8052,3,2,1,1,0,1.0,1.0,1.0,80,63,0.7875,0.3333333333333333,1.0,1.0,0.6666666666666666,1.0,True,False,433,85,1
prettier__prettier-10910,prettier/prettier,JavaScript,7244,17,8,9,0,0,0.17647058823529413,0.17647058823529413,0.5882352941176471,80,41,0.5125,0.5294117647058824,0.11764705882352941,0.058823529411764705,0.11764705882352941,0.17647058823529413,False,False,523,84,0
prettier__prettier-10109,prettier/prettier,JavaScript,7017,3,1,2,3,0,0.3333333333333333,0.3333333333333333,1.0,80,51,0.6375,1.0,0.0,0.0,0.3333333333333333,0.3333333333333333,True,False,1730,84,0
prettier__prettier-8465,prettier/prettier,JavaScript,6463,7,4,3,10,0,0.0,0.0,1.0,80,54,0.675,0.5714285714285714,0.0,0.0,0.14285714285714285,0.0,True,False,1173,84,0
prettier__prettier-8381,prettier/prettier,JavaScript,6329,10,10,0,10,0,0.0,0.0,1.0,80,48,0.6,0.9,0.1,0.0,0.0,0.0,False,False,2475,85,0
prettier__prettier-4667,prettier/prettier,JavaScript,4978,2,1,1,1,0,0.0,0.0,1.0,80,52,0.65,1.0,0.0,0.0,0.0,0.0,False,False,148,79,0
prettier__prettier-3903,prettier/prettier,JavaScript,6002,99,1,98,4,0,0.0,0.0,0.10101010101010101,80,38,0.475,0.10101010101010101,0.0,0.010101010101010102,0.0,0.0,True,False,7461,82,0
prettier__prettier-3775,prettier/prettier,JavaScript,4577,11,8,3,4,0,0.36363636363636365,0.36363636363636365,0.9090909090909091,80,53,0.6625,0.7272727272727273,0.0,0.45454545454545453,0.18181818181818182,0.36363636363636365,True,True,861,63,0
prettier__prettier-842,prettier/prettier,JavaScript,2121,1,1,0,3,0,1.0,1.0,1.0,80,60,0.75,1.0,0.0,1.0,0.0,1.0,True,False,2836,1,1
prettier__prettier-661,prettier/prettier,JavaScript,2075,5,5,0,3,0,1.0,1.0,1.0,80,64,0.8,0.6,0.0,1.0,0.0,1.0,True,False,843,1,0
serverless__serverless-10120,serverless/serverless,JavaScript,1823,2,1,1,0,0,1.0,1.0,1.0,76,38,0.5,1.0,0.0,1.0,0.5,1.0,True,False,2045,16,0
serverless__serverless-8638,serverless/serverless,JavaScript,1501,5,4,1,0,0,0.8,0.8,1.0,76,38,0.5,1.0,0.0,0.6,0.6,0.8,True,False,10928,14,0
serverless__serverless-7623,serverless/serverless,JavaScript,1328,4,3,1,0,0,0.5,0.5,1.0,76,12,0.15789473684210525,1.0,0.75,0.75,0.25,0.5,True,False,755,11,0
serverless__serverless-7031,serverless/serverless,JavaScript,1224,2,1,1,0,0,1.0,1.0,1.0,76,14,0.18421052631578946,1.0,1.0,1.0,0.5,1.0,False,False,1722,11,0
serverless__serverless-7024,serverless/serverless,JavaScript,1224,3,2,1,0,0,1.0,1.0,1.0,76,14,0.18421052631578946,1.0,0.3333333333333333,1.0,0.6666666666666666,1.0,True,False,464,11,0
serverless__serverless-6945,serverless/serverless,JavaScript,1224,4,3,1,0,0,0.5,0.5,1.0,76,14,0.18421052631578946,1.0,0.25,0.5,0.25,0.5,True,False,206,11,0
serverless__serverless-6345,serverless/serverless,JavaScript,980,3,2,1,0,0,0.0,0.0,1.0,76,17,0.2236842105263158,1.0,0.0,0.0,0.0,0.0,False,False,988,10,0
serverless__serverless-6063,serverless/serverless,JavaScript,1060,4,3,1,0,0,0.75,0.75,1.0,76,17,0.2236842105263158,1.0,0.5,0.25,0.75,0.75,True,True,431,9,0
serverless__serverless-6051,serverless/serverless,JavaScript,1159,4,3,1,0,0,0.25,0.25,1.0,76,14,0.18421052631578946,1.0,0.5,0.25,0.25,0.25,True,True,508,11,0
serverless__serverless-5982,serverless/serverless,JavaScript,1061,9,5,4,0,0,0.4444444444444444,0.4444444444444444,1.0,76,17,0.2236842105263158,1.0,0.3333333333333333,0.1111111111111111,0.5555555555555556,0.4444444444444444,True,False,516,9,0
serverless__serverless-5579,serverless/serverless,JavaScript,1021,5,3,2,0,0,0.2,0.2,1.0,76,17,0.2236842105263158,1.0,0.0,0.4,0.0,0.2,False,False,231,9,0
serverless__serverless-5509,serverless/serverless,JavaScript,1048,5,4,1,0,0,0.8,0.8,1.0,76,17,0.2236842105263158,1.0,0.6,0.6,0.6,0.8,False,False,1365,9,0
serverless__serverless-4097,serverless/serverless,JavaScript,717,6,4,2,0,0,0.5,0.5,1.0,76,17,0.2236842105263158,1.0,0.0,0.5,0.3333333333333333,0.5,True,False,964,4,0
serverless__serverless-3642,serverless/serverless,JavaScript,575,3,2,1,0,0,0.6666666666666666,0.6666666666666666,1.0,76,19,0.25,1.0,1.0,0.3333333333333333,0.6666666666666666,0.6666666666666666,True,False,1698,2,0
serverless__serverless-3609,serverless/serverless,JavaScript,575,4,3,1,0,0,0.5,0.5,1.0,76,19,0.25,1.0,0.0,0.5,0.5,0.5,True,False,2043,2,0
serverless__serverless-3548,serverless/serverless,JavaScript,532,4,3,1,0,0,0.5,0.5,1.0,76,19,0.25,1.0,0.5,0.5,0.25,0.5,True,False,536,2,0
serverless__serverless-3217,serverless/serverless,JavaScript,407,3,2,1,0,0,0.3333333333333333,0.3333333333333333,1.0,76,34,0.4473684210526316,1.0,0.0,0.3333333333333333,0.3333333333333333,0.3333333333333333,True,False,1258,1,0
serverless__serverless-2910,serverless/serverless,JavaScript,342,3,2,1,0,0,1.0,1.0,1.0,76,36,0.47368421052631576,1.0,1.0,1.0,0.3333333333333333,1.0,True,False,529,1,0
serverless__serverless-2748,serverless/serverless,JavaScript,318,3,2,1,0,0,0.3333333333333333,0.3333333333333333,1.0,76,47,0.618421052631579,1.0,0.0,0.3333333333333333,0.3333333333333333,0.3333333333333333,True,False,2026,1,0
serverless__serverless-2624,serverless/serverless,JavaScript,310,2,1,1,0,0,0.0,0.0,1.0,76,48,0.631578947368421,1.0,0.0,0.0,0.0,0.0,False,False,326,1,0
microsoft__vscode-114208,microsoft/vscode,TypeScript,4852,2,1,1,0,0,0.5,0.5,1.0,80,27,0.3375,1.0,0.0,0.5,0.0,0.5,True,True,1408,141,3
microsoft__vscode-127257,microsoft/vscode,TypeScript,5254,3,2,1,0,0,1.0,1.0,1.0,80,29,0.3625,1.0,1.0,1.0,0.0,1.0,True,False,593,197,3
microsoft__vscode-128931,microsoft/vscode,TypeScript,5303,3,2,1,0,0,0.0,0.0,1.0,80,26,0.325,1.0,1.0,0.0,0.0,0.0,False,False,971,163,4
microsoft__vscode-146962,microsoft/vscode,TypeScript,5786,11,8,3,0,0,0.0,0.0,0.9090909090909091,80,15,0.1875,0.36363636363636365,0.09090909090909091,0.0,0.09090909090909091,0.0,True,False,681,173,3
microsoft__vscode-152802,microsoft/vscode,TypeScript,5925,5,4,1,0,0,0.6,0.6,1.0,80,23,0.2875,1.0,0.6,0.6,0.2,0.6,False,False,427,177,3
microsoft__vscode-155261,microsoft/vscode,TypeScript,5960,3,2,1,0,0,0.3333333333333333,0.3333333333333333,1.0,80,16,0.2,1.0,0.0,0.0,0.6666666666666666,0.3333333333333333,False,False,778,177,3
microsoft__vscode-156733,microsoft/vscode,TypeScript,5993,7,6,1,0,0,0.14285714285714285,0.14285714285714285,1.0,80,15,0.1875,1.0,0.0,0.2857142857142857,0.0,0.14285714285714285,False,False,40,177,3
microsoft__vscode-165197,microsoft/vscode,TypeScript,6153,5,4,1,0,0,0.8,0.8,1.0,80,16,0.2,1.0,0.6,0.8,0.2,0.8,False,False,38,178,3
microsoft__vscode-168788,microsoft/vscode,TypeScript,6369,4,3,1,0,0,0.0,0.0,1.0,80,15,0.1875,0.5,0.0,0.0,0.0,0.0,True,False,547,175,3
microsoft__vscode-178291,microsoft/vscode,TypeScript,6581,2,1,1,0,0,0.0,0.0,1.0,80,16,0.2,1.0,0.0,0.0,0.0,0.0,True,False,1105,176,3
microsoft__vscode-178513,microsoft/vscode,TypeScript,6553,2,1,1,0,0,0.0,0.0,1.0,80,11,0.1375,0.0,0.0,0.0,0.0,0.0,True,False,812,168,3
microsoft__vscode-178694,microsoft/vscode,TypeScript,6558,2,1,1,0,0,0.0,0.0,1.0,80,11,0.1375,1.0,0.0,0.0,0.0,0.0,False,False,2130,168,3
microsoft__vscode-182669,microsoft/vscode,TypeScript,6637,9,5,4,0,0,0.4444444444444444,0.4444444444444444,1.0,80,12,0.15,1.0,0.0,0.4444444444444444,0.0,0.4444444444444444,False,False,184,167,3
microsoft__vscode-190351,microsoft/vscode,TypeScript,6796,2,1,1,0,0,0.0,0.0,1.0,80,13,0.1625,1.0,0.0,0.0,0.0,0.0,False,False,599,174,3
microsoft__vscode-191602,microsoft/vscode,TypeScript,6847,2,1,1,0,0,0.0,0.0,1.0,80,13,0.1625,1.0,0.0,0.0,0.0,0.0,True,False,599,174,3
mui__material-ui-11446,mui/material-ui,TypeScript,2674,4,3,1,0,0,1.0,1.0,1.0,80,35,0.4375,1.0,1.0,0.5,1.0,1.0,True,False,1892,47,0
mui__material-ui-13828,mui/material-ui,TypeScript,7340,4,3,1,0,0,0.75,0.75,1.0,80,24,0.3,0.0,0.0,0.5,0.25,0.75,True,False,1866,95,0
mui__material-ui-13899,mui/material-ui,TypeScript,7863,7,5,2,0,0,0.5714285714285714,0.5714285714285714,1.0,80,57,0.7125,1.0,0.2857142857142857,0.2857142857142857,0.5714285714285714,0.5714285714285714,True,False,1088,142,0
mui__material-ui-14465,mui/material-ui,TypeScript,8448,13,10,3,0,0,0.0,0.0,0.7692307692307693,80,25,0.3125,0.6153846153846154,0.0,0.0,0.0,0.0,True,False,1654,144,0
mui__material-ui-15495,mui/material-ui,TypeScript,8656,4,3,1,0,0,0.0,0.0,1.0,80,29,0.3625,1.0,0.0,0.0,0.0,0.0,True,False,2316,152,0
mui__material-ui-17005,mui/material-ui,TypeScript,8933,2,1,1,0,0,0.0,0.0,1.0,80,36,0.45,1.0,0.0,0.0,0.5,0.0,True,True,283,197,1
mui__material-ui-17640,mui/material-ui,TypeScript,9662,5,3,2,0,0,0.4,0.4,1.0,80,21,0.2625,0.8,0.0,0.0,0.4,0.4,True,False,884,197,1
mui__material-ui-17691,mui/material-ui,TypeScript,9664,9,5,4,0,0,0.4444444444444444,0.4444444444444444,1.0,80,30,0.375,0.5555555555555556,0.3333333333333333,0.4444444444444444,0.3333333333333333,0.4444444444444444,True,True,1184,197,1
mui__material-ui-17829,mui/material-ui,TypeScript,9695,3,2,1,0,0,0.0,0.0,1.0,80,24,0.3,0.6666666666666666,0.3333333333333333,0.0,0.0,0.0,False,False,890,196,1
mui__material-ui-18744,mui/material-ui,TypeScript,9875,5,4,1,2,0,0.4,0.4,1.0,80,36,0.45,0.4,0.0,0.2,0.2,0.4,True,True,199,197,1
mui__material-ui-20133,mui/material-ui,TypeScript,11588,9,7,2,2,0,0.7777777777777778,0.7777777777777778,1.0,80,26,0.325,0.0,0.7777777777777778,0.0,1.0,0.7777777777777778,True,False,1387,253,2
mui__material-ui-20781,mui/material-ui,TypeScript,10367,4,3,1,0,0,0.25,0.25,1.0,80,18,0.225,0.75,0.0,0.0,0.5,0.25,True,False,1411,224,1
mui__material-ui-21192,mui/material-ui,TypeScript,10423,6,4,2,0,0,0.6666666666666666,0.6666666666666666,1.0,80,21,0.2625,0.6666666666666666,0.16666666666666666,0.0,0.6666666666666666,0.6666666666666666,True,True,4172,225,1
mui__material-ui-23364,mui/material-ui,TypeScript,12358,5,3,2,2,0,0.6,0.6,1.0,80,18,0.225,0.2,0.4,0.0,0.8,0.6,True,False,2360,265,3
mui__material-ui-26746,mui/material-ui,TypeScript,34301,11,6,5,0,0,0.45454545454545453,0.45454545454545453,0.9090909090909091,80,65,0.8125,0.6363636363636364,0.09090909090909091,0.5454545454545454,0.36363636363636365,0.45454545454545453,True,True,582,307,4
mui__material-ui-28813,mui/material-ui,TypeScript,34674,4,3,1,0,0,0.25,0.25,1.0,80,67,0.8375,1.0,0.0,0.0,0.25,0.25,True,True,1590,401,5
mui__material-ui-33312,mui/material-ui,TypeScript,41293,10,9,1,0,0,0.4,0.4,1.0,80,68,0.85,0.6,0.0,0.0,0.5,0.4,False,False,1414,793,8
mui__material-ui-34138,mui/material-ui,TypeScript,40378,10,8,2,2,0,0.7,0.7,1.0,80,44,0.55,1.0,0.0,0.0,0.8,0.7,False,False,2711,764,8
mui__material-ui-34158,mui/material-ui,TypeScript,40483,25,19,6,0,0,0.28,0.28,0.4,80,60,0.75,0.44,0.08,0.12,0.52,0.28,False,False,420,768,8
mui__material-ui-34207,mui/material-ui,TypeScript,41712,12,11,1,0,0,0.3333333333333333,0.3333333333333333,0.8333333333333334,80,52,0.65,0.6666666666666666,0.5,0.0,0.6666666666666666,0.3333333333333333,False,False,1041,813,8
mui__material-ui-37908,mui/material-ui,TypeScript,42471,5,4,1,14,0,0.0,0.0,1.0,80,65,0.8125,0.2,0.0,0.0,0.0,0.0,True,False,2015,892,8
mui__material-ui-38167,mui/material-ui,TypeScript,42796,21,19,2,2,0,0.19047619047619047,0.19047619047619047,0.47619047619047616,80,54,0.675,0.6666666666666666,0.0,0.0,0.23809523809523808,0.19047619047619047,True,False,454,901,10
tailwindlabs__tailwindcss-88,tailwindlabs/tailwindcss,TypeScript,203,3,2,1,2,0,1.0,1.0,1.0,28,11,0.39285714285714285,1.0,0.3333333333333333,0.3333333333333333,0.6666666666666666,1.0,True,True,3870,14,0
tailwindlabs__tailwindcss-165,tailwindlabs/tailwindcss,TypeScript,205,2,1,1,0,0,1.0,1.0,1.0,28,11,0.39285714285714285,1.0,1.0,0.0,1.0,1.0,True,False,626,14,0
tailwindlabs__tailwindcss-236,tailwindlabs/tailwindcss,TypeScript,225,2,1,1,0,0,1.0,1.0,1.0,28,9,0.32142857142857145,1.0,0.5,1.0,1.0,1.0,True,False,431,14,0
tailwindlabs__tailwindcss-417,tailwindlabs/tailwindcss,TypeScript,115,2,1,1,0,0,1.0,1.0,1.0,28,10,0.35714285714285715,1.0,1.0,1.0,0.5,1.0,True,False,841,0,0
tailwindlabs__tailwindcss-445,tailwindlabs/tailwindcss,TypeScript,119,2,1,1,0,0,1.0,1.0,1.0,28,10,0.35714285714285715,1.0,1.0,1.0,1.0,1.0,True,False,200,0,0
tailwindlabs__tailwindcss-463,tailwindlabs/tailwindcss,TypeScript,130,3,2,1,0,0,1.0,1.0,1.0,28,10,0.35714285714285715,1.0,0.3333333333333333,1.0,0.6666666666666666,1.0,True,True,330,0,0
tailwindlabs__tailwindcss-553,tailwindlabs/tailwindcss,TypeScript,130,2,1,1,0,0,1.0,1.0,1.0,28,10,0.35714285714285715,1.0,1.0,1.0,1.0,1.0,True,False,773,0,0
tailwindlabs__tailwindcss-849,tailwindlabs/tailwindcss,TypeScript,159,2,1,1,0,0,1.0,1.0,1.0,28,11,0.39285714285714285,1.0,0.5,0.5,1.0,1.0,True,False,278,0,0
coder__code-server-4597,coder/code-server,TypeScript,203,8,7,1,0,0,0.5,0.5,1.0,27,2,0.07407407407407407,1.0,0.0,0.5,0.125,0.5,True,False,245,5,0
coder__code-server-4678,coder/code-server,TypeScript,210,16,12,4,0,0,0.4375,0.4375,0.625,27,1,0.037037037037037035,1.0,0.125,0.5,0.3125,0.4375,False,False,245,5,0
coder__code-server-4923,coder/code-server,TypeScript,212,4,2,2,0,0,1.0,1.0,1.0,27,1,0.037037037037037035,1.0,0.0,1.0,0.75,1.0,True,False,847,5,0
coder__code-server-5633,coder/code-server,TypeScript,254,5,3,2,0,0,0.8,0.8,1.0,27,2,0.07407407407407407,1.0,0.6,0.8,0.6,0.8,False,False,460,5,0
coder__code-server-6115,coder/code-server,TypeScript,258,2,1,1,0,0,0.5,0.5,1.0,27,3,0.1111111111111111,1.0,0.0,1.0,0.0,0.5,True,False,557,6,0
coder__code-server-6225,coder/code-server,TypeScript,258,6,5,1,0,0,1.0,1.0,1.0,27,3,0.1111111111111111,1.0,0.3333333333333333,1.0,0.3333333333333333,1.0,True,False,1154,6,0
coder__code-server-6423,coder/code-server,TypeScript,261,2,1,1,0,0,1.0,1.0,1.0,27,3,0.1111111111111111,1.0,0.0,1.0,0.0,1.0,False,False,849,7,0
huggingface__transformers-6744,huggingface/transformers,Python,1057,4,3,1,0,0,0.5,0.5,1.0,80,69,0.8625,0.75,0.5,0.5,0.5,0.5,True,False,893,21,0
huggingface__transformers-7562,huggingface/transformers,Python,1504,7,3,4,0,0,0.42857142857142855,0.42857142857142855,1.0,80,37,0.4625,0.7142857142857143,0.14285714285714285,0.42857142857142855,0.14285714285714285,0.42857142857142855,True,False,1404,26,0
huggingface__transformers-13573,huggingface/transformers,Python,1569,4,3,1,0,0,0.25,0.25,1.0,80,39,0.4875,0.75,0.5,0.0,0.5,0.25,True,False,828,37,0
huggingface__transformers-13989,huggingface/transformers,Python,1602,8,4,4,0,0,0.0,0.0,1.0,80,41,0.5125,0.625,0.125,0.0,0.0,0.0,True,False,2490,37,0
huggingface__transformers-15473,huggingface/transformers,Python,1813,4,3,1,0,0,0.25,0.25,1.0,80,35,0.4375,0.5,0.0,0.5,0.0,0.25,True,False,2298,10,0
huggingface__transformers-15795,huggingface/transformers,Python,2041,2,1,1,0,0,0.5,0.5,1.0,80,35,0.4375,1.0,1.0,0.5,0.0,0.5,True,False,455,10,0
huggingface__transformers-15831,huggingface/transformers,Python,1987,6,4,2,0,0,0.6666666666666666,0.6666666666666666,1.0,80,33,0.4125,0.6666666666666666,0.3333333333333333,0.3333333333333333,0.6666666666666666,0.6666666666666666,True,True,968,10,0
huggingface__transformers-15913,huggingface/transformers,Python,2011,2,1,1,0,0,1.0,1.0,1.0,80,37,0.4625,0.5,0.5,0.0,1.0,1.0,True,False,691,10,0
huggingface__transformers-19219,huggingface/transformers,Python,2533,2,1,1,0,0,0.5,0.5,1.0,80,49,0.6125,0.5,1.0,0.5,1.0,0.5,True,False,296,12,0
huggingface__transformers-19590,huggingface/transformers,Python,2601,2,1,1,0,0,1.0,1.0,1.0,80,26,0.325,1.0,1.0,0.0,1.0,1.0,False,False,2121,12,0
huggingface__transformers-20136,huggingface/transformers,Python,2700,7,5,2,0,0,0.8571428571428571,0.8571428571428571,1.0,80,32,0.4,0.7142857142857143,0.14285714285714285,0.42857142857142855,0.8571428571428571,0.8571428571428571,True,False,1286,12,0
huggingface__transformers-21345,huggingface/transformers,Python,2959,2,1,1,0,0,0.5,0.5,1.0,80,16,0.2,0.5,0.0,0.5,0.5,0.5,False,False,3440,12,0
huggingface__transformers-21768,huggingface/transformers,Python,3084,2,1,1,0,0,1.0,1.0,1.0,80,27,0.3375,0.5,0.0,0.0,1.0,1.0,True,False,9065,13,0
huggingface__transformers-23126,huggingface/transformers,Python,3246,2,1,1,0,0,1.0,1.0,1.0,80,21,0.2625,1.0,1.0,0.5,1.0,1.0,True,False,2110,13,0
huggingface__transformers-24510,huggingface/transformers,Python,3383,12,10,2,0,0,0.08333333333333333,0.08333333333333333,0.8333333333333334,80,21,0.2625,0.25,0.0,0.08333333333333333,0.0,0.08333333333333333,True,True,1274,13,0
huggingface__transformers-26386,huggingface/transformers,Python,3562,2,1,1,0,0,0.5,0.5,1.0,80,10,0.125,1.0,1.0,0.5,0.5,0.5,True,False,239,13,0
huggingface__transformers-26568,huggingface/transformers,Python,3595,3,2,1,0,0,1.0,1.0,1.0,80,16,0.2,1.0,1.0,1.0,1.0,1.0,False,False,9832,13,0
huggingface__transformers-27463,huggingface/transformers,Python,3972,4,3,1,0,0,0.25,0.25,1.0,80,7,0.0875,0.75,0.75,0.25,0.25,0.25,True,False,3768,13,0
huggingface__transformers-27561,huggingface/transformers,Python,3804,4,3,1,0,0,0.75,0.75,1.0,80,18,0.225,0.75,0.75,0.75,0.75,0.75,True,False,343,13,0
huggingface__transformers-27717,huggingface/transformers,Python,4045,4,3,1,0,0,1.0,1.0,1.0,80,6,0.075,1.0,0.25,0.75,1.0,1.0,True,False,2619,13,0
huggingface__transformers-28517,huggingface/transformers,Python,3994,2,1,1,0,0,1.0,1.0,1.0,80,14,0.175,1.0,1.0,0.5,1.0,1.0,True,False,588,13,0
huggingface__transformers-28940,huggingface/transformers,Python,4127,2,1,1,0,0,0.5,0.5,1.0,80,28,0.35,0.5,0.0,0.5,0.0,0.5,True,False,1514,13,0
huggingface__transformers-29589,huggingface/transformers,Python,4177,5,3,2,0,0,0.6,0.6,1.0,80,6,0.075,0.4,0.0,0.8,0.0,0.6,True,True,6289,14,0
huggingface__transformers-29688,huggingface/transformers,Python,4244,2,1,1,0,0,1.0,1.0,1.0,80,9,0.1125,0.5,0.5,1.0,0.5,1.0,False,False,1421,14,0
huggingface__transformers-29838,huggingface/transformers,Python,4177,2,1,1,0,0,1.0,1.0,1.0,80,30,0.375,1.0,0.5,0.5,0.0,1.0,True,False,570,14,0
huggingface__transformers-31095,huggingface/transformers,Python,4254,3,2,1,0,0,0.6666666666666666,0.6666666666666666,1.0,80,20,0.25,1.0,0.6666666666666666,0.6666666666666666,0.0,0.6666666666666666,True,False,1372,14,0
huggingface__transformers-31247,huggingface/transformers,Python,4343,4,3,1,0,0,0.5,0.5,1.0,80,28,0.35,0.5,0.5,0.0,0.5,0.5,False,False,382,14,0
langchain-ai__langchain-5450,langchain-ai/langchain,Python,1824,2,1,1,0,0,0.5,0.5,1.0,43,22,0.5116279069767442,1.0,1.0,0.5,1.0,0.5,False,False,891,22,11
langchain-ai__langchain-19331,langchain-ai/langchain,Python,7098,1,1,0,1,0,1.0,1.0,1.0,43,30,0.6976744186046512,1.0,1.0,0.0,1.0,1.0,True,False,1122,166,27
yt-dlp__yt-dlp-1649,yt-dlp/yt-dlp,Python,1135,15,14,1,0,0,0.5333333333333333,0.5333333333333333,0.6666666666666666,36,2,0.05555555555555555,1.0,0.13333333333333333,0.7333333333333333,0.2,0.5333333333333333,True,False,2748,4,0
yt-dlp__yt-dlp-3435,yt-dlp/yt-dlp,Python,1087,6,5,1,10,0,0.16666666666666666,0.16666666666666666,1.0,36,13,0.3611111111111111,1.0,0.16666666666666666,0.6666666666666666,0.16666666666666666,0.16666666666666666,False,False,805,4,0
yt-dlp__yt-dlp-4524,yt-dlp/yt-dlp,Python,1132,4,3,1,0,0,0.25,0.25,1.0,36,2,0.05555555555555555,1.0,0.25,0.25,0.0,0.25,True,False,10978,4,0
yt-dlp__yt-dlp-8917,yt-dlp/yt-dlp,Python,1207,7,5,2,0,0,0.5714285714285714,0.5714285714285714,1.0,36,2,0.05555555555555555,1.0,0.42857142857142855,0.8571428571428571,0.0,0.5714285714285714,True,True,6611,4,0
keras-team__keras-3907,keras-team/keras,Python,166,3,2,1,0,0,0.6666666666666666,0.6666666666666666,1.0,80,74,0.925,0.6666666666666666,0.3333333333333333,0.6666666666666666,0.6666666666666666,0.6666666666666666,False,False,385,0,0
keras-team__keras-3983,keras-team/keras,Python,166,2,1,1,0,0,1.0,1.0,1.0,80,74,0.925,1.0,1.0,1.0,1.0,1.0,True,False,395,0,0
keras-team__keras-18649,keras-team/keras,Python,730,6,5,1,0,0,0.3333333333333333,0.3333333333333333,1.0,80,47,0.5875,1.0,0.8333333333333334,0.16666666666666666,0.3333333333333333,0.3333333333333333,True,False,315,0,0
keras-team__keras-18852,keras-team/keras,Python,752,7,4,3,0,0,0.14285714285714285,0.14285714285714285,1.0,80,46,0.575,1.0,0.42857142857142855,0.14285714285714285,0.14285714285714285,0.14285714285714285,False,False,1164,0,0
keras-team__keras-19903,keras-team/keras,Python,823,8,7,1,0,0,0.625,0.625,1.0,80,42,0.525,1.0,0.125,0.5,0.125,0.625,True,False,355,0,0
