cohort,task_id,repo,language,files,existing,added,absent_nonadded,no_existing_tests,coverage40,coverage100,issue_mentions_exact_target,issue_characters
feature,google__gson-2498,google/gson,Java,303,8,0,0,False,0.125,0.5,False,2335
feature,apolloconfig__apollo-4207,apolloconfig/apollo,Java,1526,4,0,0,False,0.75,1.0,False,1286
feature,google__gson-1904,google/gson,Java,266,7,0,0,False,0.8571428571428571,1.0,False,509
feature,google__gson-2345,google/gson,Java,291,7,0,0,False,0.8571428571428571,1.0,False,1125
feature,google__gson-2479,google/gson,Java,302,4,0,0,False,0.75,1.0,False,1242
feature,google__guava-3971,google/guava,Java,3260,4,0,0,False,1.0,1.0,False,1062
feature,google__gson-2701,google/gson,Java,311,2,1,0,False,0.5,1.0,True,6952
feature,apache__rocketmq-7455,apache/rocketmq,Java,2297,3,0,0,False,0.3333333333333333,0.3333333333333333,False,579
feature,apolloconfig__apollo-4464,apolloconfig/apollo,Java,1510,16,0,0,False,0.25,0.4375,False,1086
feature,apache__rocketmq-7655,apache/rocketmq,Java,2327,2,0,0,False,0.0,0.0,False,1931
feature,google__gson-2130,google/gson,Java,255,2,0,0,False,1.0,1.0,False,232
feature,google__gson-2420,google/gson,Java,291,12,0,0,False,0.75,0.9166666666666666,False,5038
feature,apache__dubbo-10846,apache/dubbo,Java,3623,4,0,0,False,0.25,0.25,False,300
feature,apache__rocketmq-6755,apache/rocketmq,Java,2258,13,0,0,False,0.0,0.15384615384615385,False,66
feature,apache__rocketmq-7964,apache/rocketmq,Java,2462,2,0,0,False,0.0,0.5,False,1380
feature,apache__dubbo-11420,apache/dubbo,Java,3812,10,0,0,False,0.2,0.6,False,1902
feature,apache__rocketmq-5286,apache/rocketmq,Java,2008,4,0,0,False,0.25,0.5,False,235
feature,apache__rocketmq-5706,apache/rocketmq,Java,2052,5,0,0,False,0.8,0.8,False,5243
feature,apache__dubbo-13869,apache/dubbo,Java,4391,4,0,0,False,0.0,0.0,False,383
feature,apache__dubbo-11255,apache/dubbo,Java,3756,2,0,0,False,0.5,1.0,False,11614
feature,apache__rocketmq-5062,apache/rocketmq,Java,2005,6,3,0,False,0.5,0.8333333333333334,False,1213
feature,apache__dubbo-8032,apache/dubbo,Java,2803,4,0,0,False,0.0,0.5,False,223
feature,apache__dubbo-2750,apache/dubbo,Java,1618,2,0,0,False,0.0,1.0,False,100
feature,apache__rocketmq-6522,apache/rocketmq,Java,2223,18,0,0,False,0.05555555555555555,0.3888888888888889,False,249
feature,apolloconfig__apollo-4199,apolloconfig/apollo,Java,1525,5,1,0,False,0.0,0.4,False,254
feature,apache__rocketmq-4122,apache/rocketmq,Java,1253,2,1,0,True,0.5,1.0,False,1014
feature,apache__rocketmq-3862,apache/rocketmq,Java,1239,2,0,0,False,0.0,0.0,False,1283
feature,apache__rocketmq-7544,apache/rocketmq,Java,2314,14,1,0,True,0.0,0.14285714285714285,False,1967
feature,apolloconfig__apollo-4119,apolloconfig/apollo,Java,1521,12,3,0,False,0.25,0.4166666666666667,False,273
feature,trinodb__trino-741,trinodb/trino,Java,7355,4,0,0,False,1.0,1.0,True,1548
feature,trinodb__trino-1872,trinodb/trino,Java,7796,8,0,0,False,0.125,0.125,False,780
feature,trinodb__trino-1174,trinodb/trino,Java,7624,15,0,0,False,0.3333333333333333,0.6666666666666666,True,311
feature,trinodb__trino-117,trinodb/trino,Java,7131,2,0,0,False,0.5,0.5,False,118
feature,trinodb__trino-5507,trinodb/trino,Java,9030,5,1,0,False,0.2,0.2,False,906
feature,trinodb__trino-4458,trinodb/trino,Java,8734,4,0,0,False,0.5,0.75,False,1019
feature,trinodb__trino-799,trinodb/trino,Java,7334,7,0,0,False,0.0,0.0,False,652
feature,trinodb__trino-4600,trinodb/trino,Java,8736,4,0,0,False,0.0,0.25,False,335
feature,trinodb__trino-3392,trinodb/trino,Java,8158,4,0,0,False,0.25,0.25,False,6704
feature,trinodb__trino-748,trinodb/trino,Java,7230,3,0,0,False,0.6666666666666666,0.6666666666666666,False,516
feature,trinodb__trino-3638,trinodb/trino,Java,9026,6,0,0,False,0.16666666666666666,0.16666666666666666,False,216
feature,trinodb__trino-3771,trinodb/trino,Java,8327,4,0,0,False,0.25,0.25,False,360
feature,trinodb__trino-6074,trinodb/trino,Java,9094,5,0,0,False,1.0,1.0,False,339
feature,trinodb__trino-1848,trinodb/trino,Java,8203,3,0,0,False,0.6666666666666666,0.6666666666666666,False,225
feature,trinodb__trino-1090,trinodb/trino,Java,7664,6,7,0,False,0.8333333333333334,0.8333333333333334,False,63
feature,mrdoob__three.js-14566,mrdoob/three.js,JavaScript,4481,5,0,0,False,0.2,0.2,False,516
feature,mrdoob__three.js-17649,mrdoob/three.js,JavaScript,3665,18,0,0,False,0.3888888888888889,0.5,False,2131
feature,mrdoob__three.js-20478,mrdoob/three.js,JavaScript,4211,4,0,0,False,0.5,0.75,False,1033
feature,mrdoob__three.js-21532,mrdoob/three.js,JavaScript,3577,5,0,0,False,0.8,1.0,False,417
feature,mrdoob__three.js-21826,mrdoob/three.js,JavaScript,3718,5,0,0,False,0.2,0.4,False,244
feature,mrdoob__three.js-23596,mrdoob/three.js,JavaScript,4467,3,1,0,False,0.6666666666666666,0.6666666666666666,False,234
feature,mrdoob__three.js-23796,mrdoob/three.js,JavaScript,4481,15,0,0,False,0.6666666666666666,0.7333333333333333,False,759
feature,sveltejs__svelte-778,sveltejs/svelte,JavaScript,1386,5,4,0,False,0.0,0.6,False,721
feature,sveltejs__svelte-785,sveltejs/svelte,JavaScript,1390,25,0,0,False,0.6,0.8,False,704
feature,sveltejs__svelte-1148,sveltejs/svelte,JavaScript,1833,9,1,0,False,0.7777777777777778,1.0,False,464
feature,sveltejs__svelte-1811,sveltejs/svelte,JavaScript,2298,20,2,0,False,0.55,0.75,False,274
feature,sveltejs__svelte-2187,sveltejs/svelte,JavaScript,2562,12,5,0,False,0.25,0.5833333333333334,False,709
feature,sveltejs__svelte-5442,sveltejs/svelte,JavaScript,4354,8,2,0,False,0.25,0.375,False,446
feature,sveltejs__svelte-6223,sveltejs/svelte,JavaScript,4762,5,4,0,False,0.2,0.4,False,1668
feature,sveltejs__svelte-6528,sveltejs/svelte,JavaScript,4898,4,4,0,True,0.25,0.5,False,913
feature,sveltejs__svelte-6564,sveltejs/svelte,JavaScript,4936,1,4,0,True,0.0,0.0,False,1254
feature,sveltejs__svelte-6613,sveltejs/svelte,JavaScript,4997,2,2,0,False,0.0,0.0,False,1821
feature,sveltejs__svelte-6838,sveltejs/svelte,JavaScript,5048,3,0,0,False,0.6666666666666666,1.0,False,1578
feature,prettier__prettier-16765,prettier/prettier,JavaScript,8713,1,4,0,True,0.0,0.0,False,4521
feature,prettier__prettier-14317,prettier/prettier,JavaScript,8122,4,1,0,False,0.5,0.75,False,445
feature,prettier__prettier-14108,prettier/prettier,JavaScript,8052,3,1,0,False,1.0,1.0,False,433
feature,prettier__prettier-10910,prettier/prettier,JavaScript,7244,17,0,0,False,0.17647058823529413,0.17647058823529413,False,523
feature,prettier__prettier-10109,prettier/prettier,JavaScript,7017,3,3,0,False,0.3333333333333333,0.3333333333333333,False,1730
feature,prettier__prettier-8465,prettier/prettier,JavaScript,6463,7,10,0,False,0.0,0.14285714285714285,False,1173
feature,prettier__prettier-8381,prettier/prettier,JavaScript,6329,10,10,0,True,0.0,0.0,False,2475
feature,prettier__prettier-4667,prettier/prettier,JavaScript,4978,2,1,0,False,0.0,1.0,False,148
feature,prettier__prettier-3903,prettier/prettier,JavaScript,6002,99,4,0,False,0.0,0.010101010101010102,False,7461
feature,prettier__prettier-3775,prettier/prettier,JavaScript,4577,11,4,0,False,0.36363636363636365,0.7272727272727273,False,861
feature,prettier__prettier-842,prettier/prettier,JavaScript,2121,1,3,0,True,1.0,1.0,False,2836
feature,prettier__prettier-661,prettier/prettier,JavaScript,2075,5,3,0,True,1.0,1.0,False,843
feature,serverless__serverless-10120,serverless/serverless,JavaScript,1823,2,0,0,False,1.0,1.0,False,2045
feature,serverless__serverless-8638,serverless/serverless,JavaScript,1501,5,0,0,False,0.8,1.0,False,10928
feature,serverless__serverless-7623,serverless/serverless,JavaScript,1328,4,0,0,False,0.5,0.75,False,755
feature,serverless__serverless-7031,serverless/serverless,JavaScript,1224,2,0,0,False,1.0,1.0,True,1722
feature,serverless__serverless-7024,serverless/serverless,JavaScript,1224,3,0,0,False,1.0,1.0,False,464
feature,serverless__serverless-6945,serverless/serverless,JavaScript,1224,4,0,0,False,0.5,0.5,False,206
feature,serverless__serverless-6345,serverless/serverless,JavaScript,980,3,0,0,False,0.0,0.0,False,988
feature,serverless__serverless-6063,serverless/serverless,JavaScript,1060,4,0,0,False,0.75,0.75,False,431
feature,serverless__serverless-6051,serverless/serverless,JavaScript,1159,4,0,0,False,0.25,0.5,False,508
feature,serverless__serverless-5982,serverless/serverless,JavaScript,1061,9,0,0,False,0.4444444444444444,0.6666666666666666,False,516
feature,serverless__serverless-5579,serverless/serverless,JavaScript,1021,5,0,0,False,0.2,0.6,False,231
feature,serverless__serverless-5509,serverless/serverless,JavaScript,1048,5,0,0,False,0.8,1.0,True,1365
feature,serverless__serverless-4097,serverless/serverless,JavaScript,717,6,0,0,False,0.5,0.6666666666666666,False,964
feature,serverless__serverless-3642,serverless/serverless,JavaScript,575,3,0,0,False,0.6666666666666666,1.0,False,1698
feature,serverless__serverless-3609,serverless/serverless,JavaScript,575,4,0,0,False,0.5,0.5,False,2043
feature,serverless__serverless-3548,serverless/serverless,JavaScript,532,4,0,0,False,0.5,0.5,False,536
feature,serverless__serverless-3217,serverless/serverless,JavaScript,407,3,0,0,False,0.3333333333333333,0.3333333333333333,False,1258
feature,serverless__serverless-2910,serverless/serverless,JavaScript,342,3,0,0,False,1.0,1.0,False,529
feature,serverless__serverless-2748,serverless/serverless,JavaScript,318,3,0,0,False,0.3333333333333333,1.0,False,2026
feature,serverless__serverless-2624,serverless/serverless,JavaScript,310,2,0,0,False,0.0,0.0,False,326
feature,microsoft__vscode-114208,microsoft/vscode,TypeScript,4852,2,0,0,False,0.5,0.5,False,1408
feature,microsoft__vscode-127257,microsoft/vscode,TypeScript,5254,3,0,0,False,1.0,1.0,False,593
feature,microsoft__vscode-128931,microsoft/vscode,TypeScript,5303,3,0,0,False,0.0,0.3333333333333333,False,971
feature,microsoft__vscode-146962,microsoft/vscode,TypeScript,5786,11,0,0,False,0.0,0.18181818181818182,False,681
feature,microsoft__vscode-152802,microsoft/vscode,TypeScript,5925,5,0,0,False,0.6,0.8,True,427
feature,microsoft__vscode-155261,microsoft/vscode,TypeScript,5960,3,0,0,False,0.3333333333333333,0.6666666666666666,False,778
feature,microsoft__vscode-156733,microsoft/vscode,TypeScript,5993,7,0,0,False,0.14285714285714285,0.42857142857142855,False,40
feature,microsoft__vscode-165197,microsoft/vscode,TypeScript,6153,5,0,0,False,0.8,1.0,False,38
feature,microsoft__vscode-168788,microsoft/vscode,TypeScript,6369,4,0,0,False,0.0,0.0,False,547
feature,microsoft__vscode-178291,microsoft/vscode,TypeScript,6581,2,0,0,False,0.0,0.5,False,1105
feature,microsoft__vscode-178513,microsoft/vscode,TypeScript,6553,2,0,0,False,0.0,0.0,False,812
feature,microsoft__vscode-178694,microsoft/vscode,TypeScript,6558,2,0,0,False,0.0,0.0,False,2130
feature,microsoft__vscode-182669,microsoft/vscode,TypeScript,6637,9,0,0,False,0.4444444444444444,0.6666666666666666,False,184
feature,microsoft__vscode-190351,microsoft/vscode,TypeScript,6796,2,0,0,False,0.0,0.0,False,599
feature,microsoft__vscode-191602,microsoft/vscode,TypeScript,6847,2,0,0,False,0.0,0.0,False,599
feature,mui__material-ui-11446,mui/material-ui,TypeScript,2674,4,0,0,False,1.0,1.0,False,1892
feature,mui__material-ui-13828,mui/material-ui,TypeScript,7340,4,0,0,False,0.75,1.0,False,1866
feature,mui__material-ui-13899,mui/material-ui,TypeScript,7863,7,0,0,False,0.5714285714285714,0.7142857142857143,False,1088
feature,mui__material-ui-14465,mui/material-ui,TypeScript,8448,13,0,0,False,0.0,0.0,False,1654
feature,mui__material-ui-15495,mui/material-ui,TypeScript,8656,4,0,0,False,0.0,0.0,False,2316
feature,mui__material-ui-17005,mui/material-ui,TypeScript,8933,2,0,0,False,0.0,1.0,False,283
feature,mui__material-ui-17640,mui/material-ui,TypeScript,9662,5,0,0,False,0.4,0.4,False,884
feature,mui__material-ui-17691,mui/material-ui,TypeScript,9664,9,0,0,False,0.4444444444444444,0.6666666666666666,False,1184
feature,mui__material-ui-17829,mui/material-ui,TypeScript,9695,3,0,0,False,0.0,0.0,False,890
feature,mui__material-ui-18744,mui/material-ui,TypeScript,9875,5,2,0,False,0.4,0.4,False,199
feature,mui__material-ui-20133,mui/material-ui,TypeScript,11588,9,2,0,False,0.7777777777777778,1.0,False,1387
feature,mui__material-ui-20781,mui/material-ui,TypeScript,10367,4,0,0,False,0.25,0.75,False,1411
feature,mui__material-ui-21192,mui/material-ui,TypeScript,10423,6,0,0,False,0.6666666666666666,0.8333333333333334,True,4172
feature,mui__material-ui-23364,mui/material-ui,TypeScript,12358,5,2,0,False,0.6,0.8,False,2360
feature,mui__material-ui-26746,mui/material-ui,TypeScript,34301,11,0,0,False,0.45454545454545453,0.6363636363636364,False,582
feature,mui__material-ui-28813,mui/material-ui,TypeScript,34674,4,0,0,False,0.25,0.25,False,1590
feature,mui__material-ui-33312,mui/material-ui,TypeScript,41293,10,0,0,False,0.4,0.6,False,1414
feature,mui__material-ui-34138,mui/material-ui,TypeScript,40378,10,2,0,False,0.7,0.8,False,2711
feature,mui__material-ui-34158,mui/material-ui,TypeScript,40483,25,0,0,False,0.28,0.64,False,420
feature,mui__material-ui-34207,mui/material-ui,TypeScript,41712,12,0,0,False,0.3333333333333333,0.6666666666666666,False,1041
feature,mui__material-ui-37908,mui/material-ui,TypeScript,42471,5,14,0,False,0.0,0.0,False,2015
feature,mui__material-ui-38167,mui/material-ui,TypeScript,42796,21,2,0,False,0.19047619047619047,0.2857142857142857,False,454
feature,tailwindlabs__tailwindcss-88,tailwindlabs/tailwindcss,TypeScript,203,3,2,0,False,1.0,1.0,False,3870
feature,tailwindlabs__tailwindcss-165,tailwindlabs/tailwindcss,TypeScript,205,2,0,0,False,1.0,1.0,False,626
feature,tailwindlabs__tailwindcss-236,tailwindlabs/tailwindcss,TypeScript,225,2,0,0,False,1.0,1.0,False,431
feature,tailwindlabs__tailwindcss-417,tailwindlabs/tailwindcss,TypeScript,115,2,0,0,False,1.0,1.0,False,841
feature,tailwindlabs__tailwindcss-445,tailwindlabs/tailwindcss,TypeScript,119,2,0,0,False,1.0,1.0,False,200
feature,tailwindlabs__tailwindcss-463,tailwindlabs/tailwindcss,TypeScript,130,3,0,0,False,1.0,1.0,False,330
feature,tailwindlabs__tailwindcss-553,tailwindlabs/tailwindcss,TypeScript,130,2,0,0,False,1.0,1.0,True,773
feature,tailwindlabs__tailwindcss-849,tailwindlabs/tailwindcss,TypeScript,159,2,0,0,False,1.0,1.0,False,278
feature,coder__code-server-4597,coder/code-server,TypeScript,203,8,0,0,False,0.5,0.75,False,245
feature,coder__code-server-4678,coder/code-server,TypeScript,210,16,0,0,False,0.4375,0.75,False,245
feature,coder__code-server-4923,coder/code-server,TypeScript,212,4,0,0,False,1.0,1.0,False,847
feature,coder__code-server-5633,coder/code-server,TypeScript,254,5,0,0,False,0.8,1.0,False,460
feature,coder__code-server-6115,coder/code-server,TypeScript,258,2,0,0,False,0.5,1.0,False,557
feature,coder__code-server-6225,coder/code-server,TypeScript,258,6,0,0,False,1.0,1.0,True,1154
feature,coder__code-server-6423,coder/code-server,TypeScript,261,2,0,0,False,1.0,1.0,False,849
feature,huggingface__transformers-6744,huggingface/transformers,Python,1057,4,0,0,False,0.5,0.75,False,893
feature,huggingface__transformers-7562,huggingface/transformers,Python,1504,7,0,0,False,0.42857142857142855,0.5714285714285714,False,1404
feature,huggingface__transformers-13573,huggingface/transformers,Python,1569,4,0,0,False,0.25,1.0,False,828
feature,huggingface__transformers-13989,huggingface/transformers,Python,1602,8,0,0,False,0.0,0.125,True,2490
feature,huggingface__transformers-15473,huggingface/transformers,Python,1813,4,0,0,False,0.25,0.75,False,2298
feature,huggingface__transformers-15795,huggingface/transformers,Python,2041,2,0,0,False,0.5,0.5,True,455
feature,huggingface__transformers-15831,huggingface/transformers,Python,1987,6,0,0,False,0.6666666666666666,0.6666666666666666,True,968
feature,huggingface__transformers-15913,huggingface/transformers,Python,2011,2,0,0,False,1.0,1.0,True,691
feature,huggingface__transformers-19219,huggingface/transformers,Python,2533,2,0,0,False,0.5,1.0,False,296
feature,huggingface__transformers-19590,huggingface/transformers,Python,2601,2,0,0,False,1.0,1.0,True,2121
feature,huggingface__transformers-20136,huggingface/transformers,Python,2700,7,0,0,False,0.8571428571428571,0.8571428571428571,False,1286
feature,huggingface__transformers-21345,huggingface/transformers,Python,2959,2,0,0,False,0.5,0.5,False,3440
feature,huggingface__transformers-21768,huggingface/transformers,Python,3084,2,0,0,False,1.0,1.0,False,9065
feature,huggingface__transformers-23126,huggingface/transformers,Python,3246,2,0,0,False,1.0,1.0,True,2110
feature,huggingface__transformers-24510,huggingface/transformers,Python,3383,12,0,0,False,0.08333333333333333,0.08333333333333333,False,1274
feature,huggingface__transformers-26386,huggingface/transformers,Python,3562,2,0,0,False,0.5,0.5,False,239
feature,huggingface__transformers-26568,huggingface/transformers,Python,3595,3,0,0,False,1.0,1.0,True,9832
feature,huggingface__transformers-27463,huggingface/transformers,Python,3972,4,0,0,False,0.25,0.25,True,3768
feature,huggingface__transformers-27561,huggingface/transformers,Python,3804,4,0,0,False,0.75,0.75,True,343
feature,huggingface__transformers-27717,huggingface/transformers,Python,4045,4,0,0,False,1.0,1.0,False,2619
feature,huggingface__transformers-28517,huggingface/transformers,Python,3994,2,0,0,False,1.0,1.0,True,588
feature,huggingface__transformers-28940,huggingface/transformers,Python,4127,2,0,0,False,0.5,0.5,False,1514
feature,huggingface__transformers-29589,huggingface/transformers,Python,4177,5,0,0,False,0.6,0.8,False,6289
feature,huggingface__transformers-29688,huggingface/transformers,Python,4244,2,0,0,False,1.0,1.0,True,1421
feature,huggingface__transformers-29838,huggingface/transformers,Python,4177,2,0,0,False,1.0,1.0,False,570
feature,huggingface__transformers-31095,huggingface/transformers,Python,4254,3,0,0,False,0.6666666666666666,1.0,True,1372
feature,huggingface__transformers-31247,huggingface/transformers,Python,4343,4,0,0,False,0.5,0.5,False,382
feature,langchain-ai__langchain-5450,langchain-ai/langchain,Python,1824,2,0,0,False,0.5,1.0,False,891
feature,langchain-ai__langchain-19331,langchain-ai/langchain,Python,7098,1,1,0,True,1.0,1.0,True,1122
feature,yt-dlp__yt-dlp-1649,yt-dlp/yt-dlp,Python,1135,15,0,0,False,0.5333333333333333,0.8666666666666667,False,2748
feature,yt-dlp__yt-dlp-3435,yt-dlp/yt-dlp,Python,1087,6,10,0,False,0.16666666666666666,0.8333333333333334,False,805
feature,yt-dlp__yt-dlp-4524,yt-dlp/yt-dlp,Python,1132,4,0,0,False,0.25,0.25,True,10978
feature,yt-dlp__yt-dlp-8917,yt-dlp/yt-dlp,Python,1207,7,0,0,False,0.5714285714285714,0.8571428571428571,False,6611
feature,keras-team__keras-3907,keras-team/keras,Python,166,3,0,0,False,0.6666666666666666,1.0,False,385
feature,keras-team__keras-3983,keras-team/keras,Python,166,2,0,0,False,1.0,1.0,False,395
feature,keras-team__keras-18649,keras-team/keras,Python,730,6,0,0,False,0.3333333333333333,0.3333333333333333,False,315
feature,keras-team__keras-18852,keras-team/keras,Python,752,7,0,0,False,0.14285714285714285,0.5714285714285714,False,1164
feature,keras-team__keras-19903,keras-team/keras,Python,823,8,0,0,False,0.625,0.75,False,355
external,oemof__tespy-921,oemof/tespy,Python,555,6,0,0,False,0.3333333333333333,0.5,False,1131
external,hkuds__openharness-217,HKUDS/OpenHarness,Python,442,1,1,0,True,1.0,1.0,True,3054
external,itsdnns__docsight-437,itsDNNS/docsight,Python,537,9,0,0,False,0.5555555555555556,0.7777777777777778,True,2389
external,youssofal__mtplx-21,youssofal/MTPLX,Python,346,2,1,0,True,1.0,1.0,True,4564
external,meltano__meltano-9929,meltano/meltano,Python,1037,2,0,0,False,0.5,0.5,False,6883
external,pgmpy__pgmpy-3137,pgmpy/pgmpy,Python,766,2,0,0,False,1.0,1.0,True,4203
external,tox-dev__tox-3904,tox-dev/tox,Python,307,5,1,0,False,0.6,0.8,True,47919
external,tobymao__sqlglot-7457,tobymao/sqlglot,Python,345,4,0,0,False,0.75,1.0,False,1732
external,tox-dev__tox-3931,tox-dev/tox,Python,315,3,1,0,False,0.6666666666666666,1.0,True,1290
external,scikit-learn__scikit-learn-33565,scikit-learn/scikit-learn,Python,1575,2,1,0,False,1.0,1.0,True,11062
external,koxudaxi__datamodel-code-generator-3070,koxudaxi/datamodel-code-generator,Python,2508,2,7,0,False,0.5,1.0,False,2611
external,schemathesis__schemathesis-3933,schemathesis/schemathesis,Python,1688,3,0,0,False,1.0,1.0,False,2725
external,alibaba__opensandbox-816,alibaba/OpenSandbox,Python,1483,2,0,0,False,1.0,1.0,False,1396
external,pdm-project__pdm-3759,pdm-project/pdm,Python,387,2,1,0,False,0.0,1.0,False,1854
external,graphistry__pygraphistry-1277,graphistry/pygraphistry,Python,823,3,0,0,False,1.0,1.0,False,917
external,holoviz__param-1117,holoviz/param,Python,142,2,0,0,False,1.0,1.0,False,4145
external,tobymao__sqlglot-7187,tobymao/sqlglot,Python,277,4,0,0,False,1.0,1.0,False,903
external,cs-si__eodag-2176,CS-SI/eodag,Python,343,3,0,0,False,0.6666666666666666,0.6666666666666666,False,4708
external,psd-tools__psd-tools-593,psd-tools/psd-tools,Python,397,3,0,0,False,1.0,1.0,False,1292
external,getmoto__moto-9903,getmoto/moto,Python,3376,2,0,0,False,1.0,1.0,False,1499
external,copier-org__copier-2646,copier-org/copier,Python,184,3,0,0,False,1.0,1.0,False,967
external,getmoto__moto-9841,getmoto/moto,Python,3358,4,0,0,False,0.5,0.75,True,1816
external,ultraplot__ultraplot-696,Ultraplot/UltraPlot,Python,454,2,0,0,False,1.0,1.0,False,1312
external,schemathesis__schemathesis-4087,schemathesis/schemathesis,Python,1773,3,0,0,False,1.0,1.0,False,1738
