cohort,task_id,repo,seed,first_request_sha256_restricted,first_response_sha256_restricted,first_request_sha256_repository,first_response_sha256_repository,comparable_requests,same_initial_request,comparable_responses,same_initial_structured_response
feature,google__gson-2498,google/gson,11,74b7d0620798ed126b142daf00ab3ea7f6eab50c4abb3e74b5d8cba7fbee9856,6640bdf49d26af4802731571b68a88044c14460f053018ed9a671ecd2ea94864,74b7d0620798ed126b142daf00ab3ea7f6eab50c4abb3e74b5d8cba7fbee9856,6640bdf49d26af4802731571b68a88044c14460f053018ed9a671ecd2ea94864,True,True,True,True
feature,apolloconfig__apollo-4207,apolloconfig/apollo,11,68659f807b8002e5a3db0264b271d5870f1213a9af57c9e4031ca1abf035b267,af016a907c5c0ed8e70018492811c0e2f26c17b774efd7fa6a96b5be8a4b09c5,68659f807b8002e5a3db0264b271d5870f1213a9af57c9e4031ca1abf035b267,af016a907c5c0ed8e70018492811c0e2f26c17b774efd7fa6a96b5be8a4b09c5,True,True,True,True
feature,google__gson-1904,google/gson,11,c1c8827a4fab8b09f79459388fa4a66c9ab297263d639ae7206a1e606675c8ec,b641a360ae79d9485e02a9a15731101969c7a5bd921a33538fdf3964fa88dc6c,c1c8827a4fab8b09f79459388fa4a66c9ab297263d639ae7206a1e606675c8ec,8e625985a01b635e0936fc68f674cf7a689cabf50d2e31ebfb79e34b4649a429,True,True,True,False
feature,google__gson-2345,google/gson,11,c0798dde8e9b03e159014bde7e173cd858fe916dbbb9100e41cd599a2ae7166f,a7a1edb9ef51af9d0197c85ad7d00f562a23d162fba64291a63bc9f8ac9e5c76,c0798dde8e9b03e159014bde7e173cd858fe916dbbb9100e41cd599a2ae7166f,8e71c0585547d7c6bb655dfce3bbd39b1e479e07dc8bc5f56b8e2bde1cce9d58,True,True,True,False
feature,google__gson-2345,google/gson,29,376705a372d9d9a78a8dc38c4b651748e54344919bd6c31dfef5a645f130d08e,a7a1edb9ef51af9d0197c85ad7d00f562a23d162fba64291a63bc9f8ac9e5c76,376705a372d9d9a78a8dc38c4b651748e54344919bd6c31dfef5a645f130d08e,a7a1edb9ef51af9d0197c85ad7d00f562a23d162fba64291a63bc9f8ac9e5c76,True,True,True,True
feature,google__gson-2345,google/gson,47,05b93e35255a9eaf39e9864cd52db743aaa3102f352a6b43c70cf05f3b9b7fe9,a7a1edb9ef51af9d0197c85ad7d00f562a23d162fba64291a63bc9f8ac9e5c76,05b93e35255a9eaf39e9864cd52db743aaa3102f352a6b43c70cf05f3b9b7fe9,a7a1edb9ef51af9d0197c85ad7d00f562a23d162fba64291a63bc9f8ac9e5c76,True,True,True,True
feature,google__gson-2479,google/gson,11,75cd21af3ae1c99392339d9b14a497bee2322fccb029e8bdd64da29ad90035d7,7e2bac65c1ca2d29af9fd30eb6898378e1523b6887842d3e98bada8a655946fc,75cd21af3ae1c99392339d9b14a497bee2322fccb029e8bdd64da29ad90035d7,7e2bac65c1ca2d29af9fd30eb6898378e1523b6887842d3e98bada8a655946fc,True,True,True,True
feature,google__guava-3971,google/guava,11,97110b1d1a8c18726c0363f5706bdec9dbb819dbf204382063cc4e476fb898e5,43dd2d757678deffd3feb66a06362ecb6fdae0e10dd01e42620183f8a8c19e06,97110b1d1a8c18726c0363f5706bdec9dbb819dbf204382063cc4e476fb898e5,43dd2d757678deffd3feb66a06362ecb6fdae0e10dd01e42620183f8a8c19e06,True,True,True,True
feature,google__guava-3971,google/guava,29,bb0bc7568e0a586c1e617206e1acbf4bbe81a5f726c0b325127e0e7732a5d0de,43dd2d757678deffd3feb66a06362ecb6fdae0e10dd01e42620183f8a8c19e06,bb0bc7568e0a586c1e617206e1acbf4bbe81a5f726c0b325127e0e7732a5d0de,43dd2d757678deffd3feb66a06362ecb6fdae0e10dd01e42620183f8a8c19e06,True,True,True,True
feature,google__guava-3971,google/guava,47,12b68d8843f65b42e46eeb2cbc00adda408b6d2f2eb8cc53cb6600a1647ba058,43dd2d757678deffd3feb66a06362ecb6fdae0e10dd01e42620183f8a8c19e06,12b68d8843f65b42e46eeb2cbc00adda408b6d2f2eb8cc53cb6600a1647ba058,43dd2d757678deffd3feb66a06362ecb6fdae0e10dd01e42620183f8a8c19e06,True,True,True,True
feature,google__gson-2701,google/gson,11,444cca74ea2cd9d3e99886f3f70dff72ae0e67d2400e07c5a2785f5e28017f29,019c92cd5eef71b7e3b16c6b54fd094eb22f204f4920021e28345911846f9989,444cca74ea2cd9d3e99886f3f70dff72ae0e67d2400e07c5a2785f5e28017f29,019c92cd5eef71b7e3b16c6b54fd094eb22f204f4920021e28345911846f9989,True,True,True,True
feature,google__gson-2701,google/gson,29,4e79fa710588bea21ca1b6bd17113f3bf71ceaa40c9a38c598c33c1ec0fffd10,887efff9833e278d06523f6e741d525e811b9f8c7964710a783eb73ef8b3bd24,4e79fa710588bea21ca1b6bd17113f3bf71ceaa40c9a38c598c33c1ec0fffd10,887efff9833e278d06523f6e741d525e811b9f8c7964710a783eb73ef8b3bd24,True,True,True,True
feature,google__gson-2701,google/gson,47,8c395ecf41d6c4e69a26ca5bce2bde108d170cc72392ed03e07f5427df193800,019c92cd5eef71b7e3b16c6b54fd094eb22f204f4920021e28345911846f9989,8c395ecf41d6c4e69a26ca5bce2bde108d170cc72392ed03e07f5427df193800,019c92cd5eef71b7e3b16c6b54fd094eb22f204f4920021e28345911846f9989,True,True,True,True
feature,apache__rocketmq-7455,apache/rocketmq,11,259e554f4b7de97fe195e9c923afdba36a5078cf46557b8e787889f2a9004d34,7afc52001105905b951d31254078f0d16231ff092c374c0eaad1fa153a64e24e,259e554f4b7de97fe195e9c923afdba36a5078cf46557b8e787889f2a9004d34,7afc52001105905b951d31254078f0d16231ff092c374c0eaad1fa153a64e24e,True,True,True,True
feature,apolloconfig__apollo-4464,apolloconfig/apollo,11,f6ea143779afd52146689ceae03cfd77c22412398753770ba4e7c6acf3ad027d,2bea261024bd2c9bdb3d01517b9126b5611f8a90acd4467cff7efaac273057d4,f6ea143779afd52146689ceae03cfd77c22412398753770ba4e7c6acf3ad027d,2bea261024bd2c9bdb3d01517b9126b5611f8a90acd4467cff7efaac273057d4,True,True,True,True
feature,apolloconfig__apollo-4464,apolloconfig/apollo,29,3d840ca359e89f63001b8521cd503d9939359716952198e66f677f8c2cbf136c,2bea261024bd2c9bdb3d01517b9126b5611f8a90acd4467cff7efaac273057d4,3d840ca359e89f63001b8521cd503d9939359716952198e66f677f8c2cbf136c,2bea261024bd2c9bdb3d01517b9126b5611f8a90acd4467cff7efaac273057d4,True,True,True,True
feature,apolloconfig__apollo-4464,apolloconfig/apollo,47,131b57f37b6430639fb4b22529ec954db3e6d16dddda45d91f9c2d7106d05650,2bea261024bd2c9bdb3d01517b9126b5611f8a90acd4467cff7efaac273057d4,131b57f37b6430639fb4b22529ec954db3e6d16dddda45d91f9c2d7106d05650,2bea261024bd2c9bdb3d01517b9126b5611f8a90acd4467cff7efaac273057d4,True,True,True,True
feature,apache__rocketmq-7655,apache/rocketmq,11,841a7073ae59a4c4997e40e6501e11ba9f01c82d2b3ec540add5d783b25fb7b0,01afd1362ad57c3ad771127a8c641b58fe712a29a85ba7def1358a3f5fb8edd8,841a7073ae59a4c4997e40e6501e11ba9f01c82d2b3ec540add5d783b25fb7b0,01afd1362ad57c3ad771127a8c641b58fe712a29a85ba7def1358a3f5fb8edd8,True,True,True,True
feature,google__gson-2130,google/gson,11,c72214288a2e7a16c9e5962a0a1065b6e4cb4eac3b7180256bcfb5e6cf725e9d,bfc3c2fc9d7612a41e10e3ba9d4583864d2515d66f890175be6d180e78285f57,c72214288a2e7a16c9e5962a0a1065b6e4cb4eac3b7180256bcfb5e6cf725e9d,bfc3c2fc9d7612a41e10e3ba9d4583864d2515d66f890175be6d180e78285f57,True,True,True,True
feature,google__gson-2420,google/gson,11,302fbec0a0f6b96b46db030f9aef605be3fd02b0363286d55bebf764a6608d49,a121abcf64c76a8d82e969915dc832458ed651d0e4e4b6a908de44f3ff9f5b69,302fbec0a0f6b96b46db030f9aef605be3fd02b0363286d55bebf764a6608d49,a121abcf64c76a8d82e969915dc832458ed651d0e4e4b6a908de44f3ff9f5b69,True,True,True,True
feature,apache__dubbo-10846,apache/dubbo,11,610b777a1c6566240c379f907aad229ae62a287c11ead1419df983d2f3c2b9b3,374a8c49633308ba3deb0b79b883ad4fbb331cac1cbeb49907b290144e693b60,610b777a1c6566240c379f907aad229ae62a287c11ead1419df983d2f3c2b9b3,374a8c49633308ba3deb0b79b883ad4fbb331cac1cbeb49907b290144e693b60,True,True,True,True
feature,apache__rocketmq-6755,apache/rocketmq,11,47acd45e506ae1503bc06feab9025c414249ba3bfaefe76c516471a78e0ee9ab,18f40eaf8f19d77808a6eecd7dd1b20d631bac607345c30ac7fa58917e94065a,47acd45e506ae1503bc06feab9025c414249ba3bfaefe76c516471a78e0ee9ab,18f40eaf8f19d77808a6eecd7dd1b20d631bac607345c30ac7fa58917e94065a,True,True,True,True
feature,apache__rocketmq-7964,apache/rocketmq,11,d80162cd2487ec31951cc95c665a3a243d74ec8b13ca54c707dd69fb2bca5b41,caeb1c1591440b785f449e72d3a881362d71189fc636d384b2778abcb9a052f4,d80162cd2487ec31951cc95c665a3a243d74ec8b13ca54c707dd69fb2bca5b41,caeb1c1591440b785f449e72d3a881362d71189fc636d384b2778abcb9a052f4,True,True,True,True
feature,apache__dubbo-11420,apache/dubbo,11,d9db92d4809f180351d084e4b4d979d1c8a497cc01ada9683c4d3f076d85007d,e532a1047e49748fb564b499a6a0b0e74589912ee4e21738da74a0cb9a923acb,d9db92d4809f180351d084e4b4d979d1c8a497cc01ada9683c4d3f076d85007d,e532a1047e49748fb564b499a6a0b0e74589912ee4e21738da74a0cb9a923acb,True,True,True,True
feature,apache__dubbo-11420,apache/dubbo,29,7700c7dd467c9fcc9a458611a99933fd348fc8e018b90c766473eef132a37f37,e532a1047e49748fb564b499a6a0b0e74589912ee4e21738da74a0cb9a923acb,7700c7dd467c9fcc9a458611a99933fd348fc8e018b90c766473eef132a37f37,e532a1047e49748fb564b499a6a0b0e74589912ee4e21738da74a0cb9a923acb,True,True,True,True
feature,apache__dubbo-11420,apache/dubbo,47,bd35a872bc9c47e9bdfb97d7d2726e49175729aa6c8e8e42971b611668ff7cbd,e532a1047e49748fb564b499a6a0b0e74589912ee4e21738da74a0cb9a923acb,bd35a872bc9c47e9bdfb97d7d2726e49175729aa6c8e8e42971b611668ff7cbd,e532a1047e49748fb564b499a6a0b0e74589912ee4e21738da74a0cb9a923acb,True,True,True,True
feature,apache__rocketmq-5286,apache/rocketmq,11,8cb14d20b112eaf613dffb8e8a038cd47a3bcbe6f8f989a70626eb7e8b14f0de,c9588d46a21e7e40ad090c8c57c7760c01b152699992a311b0d3c6cef5ba3bfa,8cb14d20b112eaf613dffb8e8a038cd47a3bcbe6f8f989a70626eb7e8b14f0de,c9588d46a21e7e40ad090c8c57c7760c01b152699992a311b0d3c6cef5ba3bfa,True,True,True,True
feature,apache__rocketmq-5706,apache/rocketmq,11,8e27790d3960d8c3df84179efb982c44864e1026a27757f01a70999d6872bb09,0f165ff669b8904476c5df5ebc59b760208eae597b21c6b3f69b1569894fa3b7,8e27790d3960d8c3df84179efb982c44864e1026a27757f01a70999d6872bb09,0f165ff669b8904476c5df5ebc59b760208eae597b21c6b3f69b1569894fa3b7,True,True,True,True
feature,apache__dubbo-13869,apache/dubbo,11,b00022631dce45e9a636a6abd6ffe6b7fde6ce4e7e52f5c17b551590ca5b0f75,0a05e124e4bc101a4517bb060c4e315492dee0a5d950d7f187089e4b2f79ad25,b00022631dce45e9a636a6abd6ffe6b7fde6ce4e7e52f5c17b551590ca5b0f75,0a05e124e4bc101a4517bb060c4e315492dee0a5d950d7f187089e4b2f79ad25,True,True,True,True
feature,apache__dubbo-11255,apache/dubbo,11,c805b12b37ef99f804fc0007527f5a2a64fb81f5af8bdae06f14a13020a0b4a1,4929307e7bb8a023cb48b8b43f111d40a7e846e865cbf4e36ca5f85d2d7fde38,c805b12b37ef99f804fc0007527f5a2a64fb81f5af8bdae06f14a13020a0b4a1,4929307e7bb8a023cb48b8b43f111d40a7e846e865cbf4e36ca5f85d2d7fde38,True,True,True,True
feature,apache__rocketmq-5062,apache/rocketmq,11,895e11a3b043c64ea78b270c3e988ed88aec7be3f9906860c34e37581a80bde3,d203cd690d66fdf842afe70e2b8dd36caf4c6ad1dc6561d25012442e54fdf6d0,895e11a3b043c64ea78b270c3e988ed88aec7be3f9906860c34e37581a80bde3,d203cd690d66fdf842afe70e2b8dd36caf4c6ad1dc6561d25012442e54fdf6d0,True,True,True,True
feature,apache__dubbo-8032,apache/dubbo,11,c2934b6284540627a1848fa422088e0d510bf2cee7d91030cf4c38dd3d43aa05,2b1fef02fa907d383bc1c26459a1dd73987340a9bc99e1c0d42a6a96a19114e0,c2934b6284540627a1848fa422088e0d510bf2cee7d91030cf4c38dd3d43aa05,0209f75da5ed60021333aab43de08714302bcb5a1818a36adac373fdc4108144,True,True,True,False
feature,apache__dubbo-2750,apache/dubbo,11,0f8b022c3233c80158cea54cff643f09a8d63a2e4bc79115a7fe44e4d573f5e4,b13838ed32f59618e71d59710d699aa2d7cc9099f73d2dbb141819139e174248,0f8b022c3233c80158cea54cff643f09a8d63a2e4bc79115a7fe44e4d573f5e4,b13838ed32f59618e71d59710d699aa2d7cc9099f73d2dbb141819139e174248,True,True,True,True
feature,apache__dubbo-2750,apache/dubbo,29,a80f023bbed7f40baec3dfcae4c4d47b3c78dde8761256735a947f90ce04e59c,b13838ed32f59618e71d59710d699aa2d7cc9099f73d2dbb141819139e174248,a80f023bbed7f40baec3dfcae4c4d47b3c78dde8761256735a947f90ce04e59c,b13838ed32f59618e71d59710d699aa2d7cc9099f73d2dbb141819139e174248,True,True,True,True
feature,apache__dubbo-2750,apache/dubbo,47,23172e269df461d1cdb00ae2e3102165e8e2421fd88b441afd74b4575aa03ca8,b13838ed32f59618e71d59710d699aa2d7cc9099f73d2dbb141819139e174248,23172e269df461d1cdb00ae2e3102165e8e2421fd88b441afd74b4575aa03ca8,b13838ed32f59618e71d59710d699aa2d7cc9099f73d2dbb141819139e174248,True,True,True,True
feature,apache__rocketmq-6522,apache/rocketmq,11,c240d59d187c1f04b467b225b5a3c78dab30f6e73aad314f8caaa14ea3153cde,c1bc9f81345ddb79cf80226642ab44d2e2eb289935c7305b62a1e61ae910fee1,c240d59d187c1f04b467b225b5a3c78dab30f6e73aad314f8caaa14ea3153cde,c1bc9f81345ddb79cf80226642ab44d2e2eb289935c7305b62a1e61ae910fee1,True,True,True,True
feature,apolloconfig__apollo-4199,apolloconfig/apollo,11,af5b38dd84110637870f20fe56c838bdcc2e7728bf20d54eb72e4dcbde0546c3,bf6ddb21a4bcbc76bbf8aee581916ff282796ad5ea2e11dc083bc6f502e7888e,af5b38dd84110637870f20fe56c838bdcc2e7728bf20d54eb72e4dcbde0546c3,bf6ddb21a4bcbc76bbf8aee581916ff282796ad5ea2e11dc083bc6f502e7888e,True,True,True,True
feature,apache__rocketmq-4122,apache/rocketmq,11,3f488581cc3e241be24c961c825621bb147baa85de273005767d62d52444b2df,311e8e96c1ebbdc18df0e64a5526e551e158cdf3dc71a32fc4add590114a7fd8,3f488581cc3e241be24c961c825621bb147baa85de273005767d62d52444b2df,311e8e96c1ebbdc18df0e64a5526e551e158cdf3dc71a32fc4add590114a7fd8,True,True,True,True
feature,apache__rocketmq-4122,apache/rocketmq,29,06529cb0d3610e5bbc6fb18745adc1d9aba53e84a963424e8fc71dce02ecd548,311e8e96c1ebbdc18df0e64a5526e551e158cdf3dc71a32fc4add590114a7fd8,06529cb0d3610e5bbc6fb18745adc1d9aba53e84a963424e8fc71dce02ecd548,311e8e96c1ebbdc18df0e64a5526e551e158cdf3dc71a32fc4add590114a7fd8,True,True,True,True
feature,apache__rocketmq-4122,apache/rocketmq,47,023b17f7abf12f05653a83d469aad6dd6055865e10762920b1c72d2bfd743d3d,311e8e96c1ebbdc18df0e64a5526e551e158cdf3dc71a32fc4add590114a7fd8,023b17f7abf12f05653a83d469aad6dd6055865e10762920b1c72d2bfd743d3d,311e8e96c1ebbdc18df0e64a5526e551e158cdf3dc71a32fc4add590114a7fd8,True,True,True,True
feature,apache__rocketmq-3862,apache/rocketmq,11,262256a7a1b1e69dbc919c63d72ad5bbd925d786db3db302a88be0ba9611c33d,ec99b4babf0e9addd1b17c254892491f6bc57bcd26f686a908a4bb72918006bb,262256a7a1b1e69dbc919c63d72ad5bbd925d786db3db302a88be0ba9611c33d,ec99b4babf0e9addd1b17c254892491f6bc57bcd26f686a908a4bb72918006bb,True,True,True,True
feature,apache__rocketmq-7544,apache/rocketmq,11,2ea14570e0b6c971d1152b1ac1ee1d12d1f409ff6e030f44ab83f0b36abd599c,01afd1362ad57c3ad771127a8c641b58fe712a29a85ba7def1358a3f5fb8edd8,2ea14570e0b6c971d1152b1ac1ee1d12d1f409ff6e030f44ab83f0b36abd599c,01afd1362ad57c3ad771127a8c641b58fe712a29a85ba7def1358a3f5fb8edd8,True,True,True,True
feature,apache__rocketmq-7544,apache/rocketmq,29,6627fdb53c49eb09c4242ffe6f4adc7237c440759859bdbb010fad68cfa2ee0f,01afd1362ad57c3ad771127a8c641b58fe712a29a85ba7def1358a3f5fb8edd8,6627fdb53c49eb09c4242ffe6f4adc7237c440759859bdbb010fad68cfa2ee0f,01afd1362ad57c3ad771127a8c641b58fe712a29a85ba7def1358a3f5fb8edd8,True,True,True,True
feature,apache__rocketmq-7544,apache/rocketmq,47,54019014d74fadc080563175cbb7c9f9fdc33b029c07f8abb017b497e3955802,01afd1362ad57c3ad771127a8c641b58fe712a29a85ba7def1358a3f5fb8edd8,54019014d74fadc080563175cbb7c9f9fdc33b029c07f8abb017b497e3955802,01afd1362ad57c3ad771127a8c641b58fe712a29a85ba7def1358a3f5fb8edd8,True,True,True,True
feature,apolloconfig__apollo-4119,apolloconfig/apollo,11,9d8efcffe311e1f4126bc2d6738f34e6b7403497f21985a961513610d49ab46a,aa6ace51501d242d768eaa4a2607d8d7e933167368a12bcf01a2efa9d6cc207e,9d8efcffe311e1f4126bc2d6738f34e6b7403497f21985a961513610d49ab46a,aa6ace51501d242d768eaa4a2607d8d7e933167368a12bcf01a2efa9d6cc207e,True,True,True,True
feature,apolloconfig__apollo-4119,apolloconfig/apollo,29,8e8b06a078500f3092e82b6d42bf17356ed6badd2f1950202d9535339297e56e,aa6ace51501d242d768eaa4a2607d8d7e933167368a12bcf01a2efa9d6cc207e,8e8b06a078500f3092e82b6d42bf17356ed6badd2f1950202d9535339297e56e,aa6ace51501d242d768eaa4a2607d8d7e933167368a12bcf01a2efa9d6cc207e,True,True,True,True
feature,apolloconfig__apollo-4119,apolloconfig/apollo,47,d344d9c3c658ed5366dc4516d66e9fd735445785424c67ff48ceadad01083d1f,aa6ace51501d242d768eaa4a2607d8d7e933167368a12bcf01a2efa9d6cc207e,d344d9c3c658ed5366dc4516d66e9fd735445785424c67ff48ceadad01083d1f,aa6ace51501d242d768eaa4a2607d8d7e933167368a12bcf01a2efa9d6cc207e,True,True,True,True
feature,trinodb__trino-741,trinodb/trino,11,83e526776c7d4ac1a3c5e10a2d3230b2a8a2d6a8bef100dc7ada6ba0153d95ca,89e42de0b943900fce1a2e39f767368bba90ccfbc7ade8c07515c39b23eab56c,83e526776c7d4ac1a3c5e10a2d3230b2a8a2d6a8bef100dc7ada6ba0153d95ca,89e42de0b943900fce1a2e39f767368bba90ccfbc7ade8c07515c39b23eab56c,True,True,True,True
feature,trinodb__trino-1872,trinodb/trino,11,a76337346ff2d7f6c6fba635916fabba218988ad73c53575d6b2886b1ab44d4b,1675a00c16e6efe6175e5ff1daefaae4f70c8f5c57c0928d0978e9a92a403473,a76337346ff2d7f6c6fba635916fabba218988ad73c53575d6b2886b1ab44d4b,1675a00c16e6efe6175e5ff1daefaae4f70c8f5c57c0928d0978e9a92a403473,True,True,True,True
feature,trinodb__trino-1174,trinodb/trino,11,e6fa21154a52a7aa74639289f1ec09b2fce249e58ce8583c970f5e0c5cbb6a81,cd3109b284bbc56a4ee59a27f67f0bc59a94a0a8af440b4e6b977f8a1aca01c7,e6fa21154a52a7aa74639289f1ec09b2fce249e58ce8583c970f5e0c5cbb6a81,cd3109b284bbc56a4ee59a27f67f0bc59a94a0a8af440b4e6b977f8a1aca01c7,True,True,True,True
feature,trinodb__trino-117,trinodb/trino,11,99b6dfaeffc00b290ac5b8a0b3bc52b656d4e6eab625c517b292220d6b186682,8ad89526e5f692b241be97fe9c1688507ace57739c452ba7e570e481dbfeb2b0,99b6dfaeffc00b290ac5b8a0b3bc52b656d4e6eab625c517b292220d6b186682,8ad89526e5f692b241be97fe9c1688507ace57739c452ba7e570e481dbfeb2b0,True,True,True,True
feature,trinodb__trino-5507,trinodb/trino,11,bcacd987acda0dc2423dd3a4e4d593929eb78762439797a38ea4c7c3613e2411,f5b99c43b63bd4cf3c76cb58d97dae09bb13c96e08063d4312613ee2feb32eea,bcacd987acda0dc2423dd3a4e4d593929eb78762439797a38ea4c7c3613e2411,f5b99c43b63bd4cf3c76cb58d97dae09bb13c96e08063d4312613ee2feb32eea,True,True,True,True
feature,trinodb__trino-4458,trinodb/trino,11,47fc1028fafd65553703ff128b006ef33ef70daa438c1813aee44fcd4e53c578,4f32b9881ad1dd8557fa8ebfafdcc756589ba15dfccb31da36ef4d26a7fac6ba,47fc1028fafd65553703ff128b006ef33ef70daa438c1813aee44fcd4e53c578,4f32b9881ad1dd8557fa8ebfafdcc756589ba15dfccb31da36ef4d26a7fac6ba,True,True,True,True
feature,trinodb__trino-4458,trinodb/trino,29,839196fed7f97dc46b7588c7d3808de042ebd2b6243f9bdbceb92cc7d43431bf,4f32b9881ad1dd8557fa8ebfafdcc756589ba15dfccb31da36ef4d26a7fac6ba,839196fed7f97dc46b7588c7d3808de042ebd2b6243f9bdbceb92cc7d43431bf,4f32b9881ad1dd8557fa8ebfafdcc756589ba15dfccb31da36ef4d26a7fac6ba,True,True,True,True
feature,trinodb__trino-4458,trinodb/trino,47,36a50747f162fcd53299fdcee5cce27d0ef11c1ae86aa6584895bb3bf6d4e15e,4f32b9881ad1dd8557fa8ebfafdcc756589ba15dfccb31da36ef4d26a7fac6ba,36a50747f162fcd53299fdcee5cce27d0ef11c1ae86aa6584895bb3bf6d4e15e,4f32b9881ad1dd8557fa8ebfafdcc756589ba15dfccb31da36ef4d26a7fac6ba,True,True,True,True
feature,trinodb__trino-799,trinodb/trino,11,1467e141fa11bded76b17f7c11c2e971ea75d83cfb9b04f0ca901a98f49ff7ee,e3817c832b3a4fc519a6194ba1dd57c003021e881eab965c2905014e5164bf41,1467e141fa11bded76b17f7c11c2e971ea75d83cfb9b04f0ca901a98f49ff7ee,e3817c832b3a4fc519a6194ba1dd57c003021e881eab965c2905014e5164bf41,True,True,True,True
feature,trinodb__trino-4600,trinodb/trino,11,5902f271cc5c4991c20e0592dd12e7b9a46ac4580403894c1bae3f743599da1e,744adcd3b5ef8828bbd3bf043055559f86c1a5664f56ab0f21ae7ef822c9b552,5902f271cc5c4991c20e0592dd12e7b9a46ac4580403894c1bae3f743599da1e,744adcd3b5ef8828bbd3bf043055559f86c1a5664f56ab0f21ae7ef822c9b552,True,True,True,True
feature,trinodb__trino-3392,trinodb/trino,11,af4934630f223dc93798055688da4409057c95b92a4dcf364097e7d3499d43c9,94022032a928fd6e3638855fed6e58679b27594be6f2364077d7c908fc35d327,af4934630f223dc93798055688da4409057c95b92a4dcf364097e7d3499d43c9,94022032a928fd6e3638855fed6e58679b27594be6f2364077d7c908fc35d327,True,True,True,True
feature,trinodb__trino-748,trinodb/trino,11,99cdcbe75584e3a0d229ffb2c038b84370503e74e76b416a8f725b56bd1f51ac,f405a018a08f5f0c20fbea4bbd8b77aac5c028b472e60dfb9fcf535459ef0f4b,99cdcbe75584e3a0d229ffb2c038b84370503e74e76b416a8f725b56bd1f51ac,f405a018a08f5f0c20fbea4bbd8b77aac5c028b472e60dfb9fcf535459ef0f4b,True,True,True,True
feature,trinodb__trino-3638,trinodb/trino,11,2887963b52a7cc57dd77a9043e728bce88067e4e02aaa1a1031a291222784698,61a861baf60e4d4cf103bdc5c76968b1dcd361f893e6c1c52e000394ff9fa960,2887963b52a7cc57dd77a9043e728bce88067e4e02aaa1a1031a291222784698,61a861baf60e4d4cf103bdc5c76968b1dcd361f893e6c1c52e000394ff9fa960,True,True,True,True
feature,trinodb__trino-3638,trinodb/trino,29,16352531d0400bfbb820d90a99a749dabf3f81e83de401627817992901ef22e4,61a861baf60e4d4cf103bdc5c76968b1dcd361f893e6c1c52e000394ff9fa960,16352531d0400bfbb820d90a99a749dabf3f81e83de401627817992901ef22e4,61a861baf60e4d4cf103bdc5c76968b1dcd361f893e6c1c52e000394ff9fa960,True,True,True,True
feature,trinodb__trino-3638,trinodb/trino,47,91e47fa0c4b3b8b4c47193be05f1d7e3822cf3de7e8d83a6926745901b06140f,42cad75c0e19f14a3f5f3ae4554f759205197ecebdd8b607651e3e1c48c2cd36,91e47fa0c4b3b8b4c47193be05f1d7e3822cf3de7e8d83a6926745901b06140f,42cad75c0e19f14a3f5f3ae4554f759205197ecebdd8b607651e3e1c48c2cd36,True,True,True,True
feature,trinodb__trino-3771,trinodb/trino,11,7cb9aa784fc849f1ed5a3da9d80fe319526c5f0a70d5d76f7089fc7571eceaa9,7786ea0625bb87aa35ce18f7e2dea7f6968e9d398322dcd222710f109e0ae42b,7cb9aa784fc849f1ed5a3da9d80fe319526c5f0a70d5d76f7089fc7571eceaa9,9526177c3ef264d8708ca02effc5aa8ff992a1f9cb5abbe2693158bc039da45b,True,True,True,False
feature,trinodb__trino-6074,trinodb/trino,11,b41de768910ce97472ffc7c744e1ad6cb0f36ccb96eb611070ead35c3baf7a56,6aec72af66c3dd9f03e99ca35692068f66f4160de78dd595166eecfcbef1dce3,b41de768910ce97472ffc7c744e1ad6cb0f36ccb96eb611070ead35c3baf7a56,6aec72af66c3dd9f03e99ca35692068f66f4160de78dd595166eecfcbef1dce3,True,True,True,True
feature,trinodb__trino-1848,trinodb/trino,11,8fbd24f3f8f880ca878c10c18fdc4c54731205b1f61fbfbc43e73b074512c266,986676ad70a8e5dedd68d901aa7956f5624afca681bf574b3f3a8296dafed317,8fbd24f3f8f880ca878c10c18fdc4c54731205b1f61fbfbc43e73b074512c266,986676ad70a8e5dedd68d901aa7956f5624afca681bf574b3f3a8296dafed317,True,True,True,True
feature,trinodb__trino-1090,trinodb/trino,11,8a815b750dfca55a3bf301899662468e8058af37d760eb856ffb30f65f4bede9,5162e0d5aa14687ff3462662f0d89abbdd5edc98b094cea757a6f4fc684488a5,8a815b750dfca55a3bf301899662468e8058af37d760eb856ffb30f65f4bede9,5162e0d5aa14687ff3462662f0d89abbdd5edc98b094cea757a6f4fc684488a5,True,True,True,True
feature,mrdoob__three.js-14566,mrdoob/three.js,11,8d06df43634fc157b950d30c015f4fe34a077e8266602b2912439b968df07183,5fd023d529235cc23caf1c7a632784aae0719d552380cbe31264ef2b9c393522,8d06df43634fc157b950d30c015f4fe34a077e8266602b2912439b968df07183,5fd023d529235cc23caf1c7a632784aae0719d552380cbe31264ef2b9c393522,True,True,True,True
feature,mrdoob__three.js-17649,mrdoob/three.js,11,076eaf748585b343938a64ab9fac83c09b4d0961301d059a79adc012cfa9434f,94b76bccb1a5b12f39c06146b6ea7563fa3415dd938b813019885d11859c8243,076eaf748585b343938a64ab9fac83c09b4d0961301d059a79adc012cfa9434f,94b76bccb1a5b12f39c06146b6ea7563fa3415dd938b813019885d11859c8243,True,True,True,True
feature,mrdoob__three.js-17649,mrdoob/three.js,29,11a6c46cce79b5091f6c6be7df5e08ee8193d2a9d8c6ad109eabd9eb42d4700d,94b76bccb1a5b12f39c06146b6ea7563fa3415dd938b813019885d11859c8243,11a6c46cce79b5091f6c6be7df5e08ee8193d2a9d8c6ad109eabd9eb42d4700d,94b76bccb1a5b12f39c06146b6ea7563fa3415dd938b813019885d11859c8243,True,True,True,True
feature,mrdoob__three.js-17649,mrdoob/three.js,47,b3072fcea51ede42fe66bc768d73844e7904631df68a03dc9070ff73aeb92546,94b76bccb1a5b12f39c06146b6ea7563fa3415dd938b813019885d11859c8243,b3072fcea51ede42fe66bc768d73844e7904631df68a03dc9070ff73aeb92546,94b76bccb1a5b12f39c06146b6ea7563fa3415dd938b813019885d11859c8243,True,True,True,True
feature,mrdoob__three.js-20478,mrdoob/three.js,11,a1ae73c9fa23381c8242b99b9f36cacabff321085f4ad8d783e97cfa0960cdea,dbd01aa56226b2642510d1d14d430512e7d783242686807f3858c46bf827daa1,a1ae73c9fa23381c8242b99b9f36cacabff321085f4ad8d783e97cfa0960cdea,dbd01aa56226b2642510d1d14d430512e7d783242686807f3858c46bf827daa1,True,True,True,True
feature,mrdoob__three.js-21532,mrdoob/three.js,11,94ada6a8fbe9ab3e35bb7f9aea903116d969a4511b11ce8e2cd8a92e8ae8d431,3f88c045a9c6b03961d7f65f9dd689ac51c49a0631ab01bc38db0113b36be2fd,94ada6a8fbe9ab3e35bb7f9aea903116d969a4511b11ce8e2cd8a92e8ae8d431,d509c627bab3257a58d742f3f3cb27f02e8eba2a736cabfb2243bae1475ca194,True,True,True,False
feature,mrdoob__three.js-21532,mrdoob/three.js,29,fa3624634d6b157c80350f165b8c34ffc26c2c559c173cfd353dce0ac7116b55,7d9591c133969349e8de60eae2958ae83ae6b130c850c776612bd4d93a404584,fa3624634d6b157c80350f165b8c34ffc26c2c559c173cfd353dce0ac7116b55,7d9591c133969349e8de60eae2958ae83ae6b130c850c776612bd4d93a404584,True,True,True,True
feature,mrdoob__three.js-21532,mrdoob/three.js,47,55fc47a961cf6379894c52bdebf746ba603484c6238a276caa3b5c32b13d79db,7d9591c133969349e8de60eae2958ae83ae6b130c850c776612bd4d93a404584,55fc47a961cf6379894c52bdebf746ba603484c6238a276caa3b5c32b13d79db,7d9591c133969349e8de60eae2958ae83ae6b130c850c776612bd4d93a404584,True,True,True,True
feature,mrdoob__three.js-21826,mrdoob/three.js,11,aa59567b790ab0d49abc6aebe5229a99f0f5f317661f24e22a044211f92acd19,dbd01aa56226b2642510d1d14d430512e7d783242686807f3858c46bf827daa1,aa59567b790ab0d49abc6aebe5229a99f0f5f317661f24e22a044211f92acd19,dbd01aa56226b2642510d1d14d430512e7d783242686807f3858c46bf827daa1,True,True,True,True
feature,mrdoob__three.js-23596,mrdoob/three.js,11,d5766643e524821d2e89123ecfeb9b700aa76e68d663d6647c5801237f1c1a04,4d60872f41afb0a281a5f87f331d5b3829799aee46c6688cd14a5077982ec06a,d5766643e524821d2e89123ecfeb9b700aa76e68d663d6647c5801237f1c1a04,4d60872f41afb0a281a5f87f331d5b3829799aee46c6688cd14a5077982ec06a,True,True,True,True
feature,mrdoob__three.js-23796,mrdoob/three.js,11,3b8a666c23d32e97b4c3e10b8bc5e5c6d5d215c6763c63ee491aa8b219f7a648,6e6aa1ce251825d0551425832f9cf35ac0449f4e92e87b78976c5cecf00aec9e,3b8a666c23d32e97b4c3e10b8bc5e5c6d5d215c6763c63ee491aa8b219f7a648,6e6aa1ce251825d0551425832f9cf35ac0449f4e92e87b78976c5cecf00aec9e,True,True,True,True
feature,sveltejs__svelte-778,sveltejs/svelte,11,9aa6b283d95697fdc2b5cf89bc82583c693511128c2dc88d75ac13e4bd55266f,d8f50638e9467fa57fe712108f71d1d4cf2e4e7a2ad6b72ec16326cf09cae369,9aa6b283d95697fdc2b5cf89bc82583c693511128c2dc88d75ac13e4bd55266f,d8f50638e9467fa57fe712108f71d1d4cf2e4e7a2ad6b72ec16326cf09cae369,True,True,True,True
feature,sveltejs__svelte-785,sveltejs/svelte,11,5359420da7fbc3a1fa54a6ae7001b62cc3ea7dde40c73b43551707c0cd49901f,2259df0ff28379931a43f903e8c1c1e451a6a981c8935da9fe0b3bfdec3b23c5,5359420da7fbc3a1fa54a6ae7001b62cc3ea7dde40c73b43551707c0cd49901f,2259df0ff28379931a43f903e8c1c1e451a6a981c8935da9fe0b3bfdec3b23c5,True,True,True,True
feature,sveltejs__svelte-1148,sveltejs/svelte,11,8b10b8b54c472b12ae3ac3a8f325e60f14cd26aed638f401aebaa53691befbd4,556c99cd3bb18ea1e8eab404c0aba01935b7c104b60dfcaef8937df5ac100aa8,8b10b8b54c472b12ae3ac3a8f325e60f14cd26aed638f401aebaa53691befbd4,2de2f840dc44f076d1216af773f7c63ae1f14f343e1f0d28f29bef53cd87dcc1,True,True,True,False
feature,sveltejs__svelte-1811,sveltejs/svelte,11,4a3c7379fcc51a6c01bfd2c104a9ece34f235e5e57411825c118d37e052825d8,d22ff53824b7679d7a97a1350aef7776e941b60e6247787b556a54c67218e76e,4a3c7379fcc51a6c01bfd2c104a9ece34f235e5e57411825c118d37e052825d8,12b133319b2326214221a987700ccb344059fe08d103bf3257dad5774d655a05,True,True,True,False
feature,sveltejs__svelte-2187,sveltejs/svelte,11,f477a53eb13bca93988e098e0789e85896bdeee8e3df23ab0cda787db14d6b97,5584ee6909cb6678593062a4a3467c1fee203bf32fb6b486b3a4f54c9f554cc3,f477a53eb13bca93988e098e0789e85896bdeee8e3df23ab0cda787db14d6b97,5584ee6909cb6678593062a4a3467c1fee203bf32fb6b486b3a4f54c9f554cc3,True,True,True,True
feature,sveltejs__svelte-5442,sveltejs/svelte,11,611fc00ab4a95c5cf0f44307a7b87f9086dbc68536e85c2cc4effd1b72f14fe1,b443933817c584908f5f3aad163a51417fc72c984eaa8a48afb852604421b2df,611fc00ab4a95c5cf0f44307a7b87f9086dbc68536e85c2cc4effd1b72f14fe1,b443933817c584908f5f3aad163a51417fc72c984eaa8a48afb852604421b2df,True,True,True,True
feature,sveltejs__svelte-5442,sveltejs/svelte,29,5e58ed8c74e6af251182a28ed1e4ee5fd3fda17819dfcf5972450e0112a4b955,b443933817c584908f5f3aad163a51417fc72c984eaa8a48afb852604421b2df,5e58ed8c74e6af251182a28ed1e4ee5fd3fda17819dfcf5972450e0112a4b955,b443933817c584908f5f3aad163a51417fc72c984eaa8a48afb852604421b2df,True,True,True,True
feature,sveltejs__svelte-5442,sveltejs/svelte,47,db0a0cef8d33ac292d2ccfd4786a9a8cbc2f2c8d7eaf619efa76f9f6f333b18b,b443933817c584908f5f3aad163a51417fc72c984eaa8a48afb852604421b2df,db0a0cef8d33ac292d2ccfd4786a9a8cbc2f2c8d7eaf619efa76f9f6f333b18b,b443933817c584908f5f3aad163a51417fc72c984eaa8a48afb852604421b2df,True,True,True,True
feature,sveltejs__svelte-6223,sveltejs/svelte,11,0962a15f89841d548d6ce24e073277721fc403d6049443db829bdb123dfb4740,a910ba4a525031aa7a75274b747066d57d8fea3c4772e25c9df9289043ea990f,0962a15f89841d548d6ce24e073277721fc403d6049443db829bdb123dfb4740,815d17ad752164bc532473a54570112a86a6f1bf52860fc08dfffc29a6d673ed,True,True,True,False
feature,sveltejs__svelte-6223,sveltejs/svelte,29,c5243188bfe0fb72f955c5d8c07758bceb57cf9f80b222790b5357d87af80106,a910ba4a525031aa7a75274b747066d57d8fea3c4772e25c9df9289043ea990f,c5243188bfe0fb72f955c5d8c07758bceb57cf9f80b222790b5357d87af80106,a910ba4a525031aa7a75274b747066d57d8fea3c4772e25c9df9289043ea990f,True,True,True,True
feature,sveltejs__svelte-6223,sveltejs/svelte,47,ed375e4130e5fa586b5930d82cc04b45a065874d60f3d0d57177ba6c3c74fdce,815d17ad752164bc532473a54570112a86a6f1bf52860fc08dfffc29a6d673ed,ed375e4130e5fa586b5930d82cc04b45a065874d60f3d0d57177ba6c3c74fdce,815d17ad752164bc532473a54570112a86a6f1bf52860fc08dfffc29a6d673ed,True,True,True,True
feature,sveltejs__svelte-6528,sveltejs/svelte,11,536aa61d1962e99fabf285a8aea1bbd2b486ddeb66a1a22c98ef5469291658f3,757a30f90c306d9eb430a31600f3d019041b0aecff4f22ba13ad24dc6756bf15,536aa61d1962e99fabf285a8aea1bbd2b486ddeb66a1a22c98ef5469291658f3,757a30f90c306d9eb430a31600f3d019041b0aecff4f22ba13ad24dc6756bf15,True,True,True,True
feature,sveltejs__svelte-6564,sveltejs/svelte,11,6ae5768ffab7b653da8043fd87b2a2c43e6f1b28d954423ca5dcae05357804db,fde30c06923d767709eba209b606a21c9af42592f663b45e856b1df6f2b1fb24,6ae5768ffab7b653da8043fd87b2a2c43e6f1b28d954423ca5dcae05357804db,fde30c06923d767709eba209b606a21c9af42592f663b45e856b1df6f2b1fb24,True,True,True,True
feature,sveltejs__svelte-6613,sveltejs/svelte,11,72a03e671f4679be813402b22e9a9f03d53ffb7f23328a1624c0edc81ea6f250,fedeaaa10ba1ff05e96854fc6efd68798c685989096bc0f650bdf05eaeae60fb,72a03e671f4679be813402b22e9a9f03d53ffb7f23328a1624c0edc81ea6f250,fedeaaa10ba1ff05e96854fc6efd68798c685989096bc0f650bdf05eaeae60fb,True,True,True,True
feature,sveltejs__svelte-6838,sveltejs/svelte,11,08c5309c19cb3b51a0a22d2a7101212ca7a301d97ef2b045059b6c5e092e7c21,c3e98d93888a929f47134969434b420b34d0c461a0abc9f96f190fad59f179c1,08c5309c19cb3b51a0a22d2a7101212ca7a301d97ef2b045059b6c5e092e7c21,c3e98d93888a929f47134969434b420b34d0c461a0abc9f96f190fad59f179c1,True,True,True,True
feature,prettier__prettier-16765,prettier/prettier,11,58a5481256f31fa022ebd5f1120a84869795da789a1304a642e799bade14c54e,5a69ffb09f4068ce486c90d598c37e1e01ba551bb853cd91135bfae5aff01086,58a5481256f31fa022ebd5f1120a84869795da789a1304a642e799bade14c54e,5a69ffb09f4068ce486c90d598c37e1e01ba551bb853cd91135bfae5aff01086,True,True,True,True
feature,prettier__prettier-14317,prettier/prettier,11,16bb7e8459fabab3a18a2f79727d08ae94d5f3672cf8cd2cf1df64d4994347e2,f9a9d94e803dd9e274a08435a1542d2c6d91cffd8940b7f5c5f141c73cd0bd4b,16bb7e8459fabab3a18a2f79727d08ae94d5f3672cf8cd2cf1df64d4994347e2,f9a9d94e803dd9e274a08435a1542d2c6d91cffd8940b7f5c5f141c73cd0bd4b,True,True,True,True
feature,prettier__prettier-14317,prettier/prettier,29,0ab7cabd9c334e2960b5f680c6a6a9156dbcab85995b5407da448ccc4229f0ea,f9a9d94e803dd9e274a08435a1542d2c6d91cffd8940b7f5c5f141c73cd0bd4b,0ab7cabd9c334e2960b5f680c6a6a9156dbcab85995b5407da448ccc4229f0ea,f9a9d94e803dd9e274a08435a1542d2c6d91cffd8940b7f5c5f141c73cd0bd4b,True,True,True,True
feature,prettier__prettier-14317,prettier/prettier,47,bfa2caa2eb6fad105248e1e4c73f162398be5cd53205d53a10d043defad02b67,f9a9d94e803dd9e274a08435a1542d2c6d91cffd8940b7f5c5f141c73cd0bd4b,bfa2caa2eb6fad105248e1e4c73f162398be5cd53205d53a10d043defad02b67,f9a9d94e803dd9e274a08435a1542d2c6d91cffd8940b7f5c5f141c73cd0bd4b,True,True,True,True
feature,prettier__prettier-14108,prettier/prettier,11,ef8a3631ef0d81b72dde60db51da1245a0db5ba30cbb6d62dd2d2ec2ef8431be,c05d5e79462a745e5d519003c6e117125fe6cf8b8806bb5a728332c16db61331,ef8a3631ef0d81b72dde60db51da1245a0db5ba30cbb6d62dd2d2ec2ef8431be,c05d5e79462a745e5d519003c6e117125fe6cf8b8806bb5a728332c16db61331,True,True,True,True
feature,prettier__prettier-10910,prettier/prettier,11,e67ff8d539bff7f786fb91fd952e3b047d4a6839ee6d3aeed18e605724d4adb6,bb0fb2d29928a89c65086a80362aa217db595eb118fb8b4fde3f13a5ef292cd7,e67ff8d539bff7f786fb91fd952e3b047d4a6839ee6d3aeed18e605724d4adb6,bb0fb2d29928a89c65086a80362aa217db595eb118fb8b4fde3f13a5ef292cd7,True,True,True,True
feature,prettier__prettier-10109,prettier/prettier,11,811999d2861c0551c34907cd3833fbb363e934de5540ca38ade17b089864043d,f2f3231c21b49b7d72818c4c77ea689e78681599aaca319f2a17d614e4eb2dcf,811999d2861c0551c34907cd3833fbb363e934de5540ca38ade17b089864043d,b4dbf6d4ed6e72201fd33954272b3c9c93c7be48e4dc1eba05e6a6427105bd90,True,True,True,False
feature,prettier__prettier-8465,prettier/prettier,11,b777cd485d3d74478c4e426ce66526d928e556b8cdfada7571fb34da385109a1,fbdd35a5d9746a576cd2112270523c5333e14809edf07d677c7d3c6d0db929e7,b777cd485d3d74478c4e426ce66526d928e556b8cdfada7571fb34da385109a1,fbdd35a5d9746a576cd2112270523c5333e14809edf07d677c7d3c6d0db929e7,True,True,True,True
feature,prettier__prettier-8381,prettier/prettier,11,9e6058216de5b45be15886b4ca72784e1a146224eaed21cbac3ecfa5d0e880fe,ae6d767e23c8584dd50392fb83792ee891bb1d47bc80dd04459590f164cdd83a,9e6058216de5b45be15886b4ca72784e1a146224eaed21cbac3ecfa5d0e880fe,ae6d767e23c8584dd50392fb83792ee891bb1d47bc80dd04459590f164cdd83a,True,True,True,True
feature,prettier__prettier-4667,prettier/prettier,11,d46b5b7e8eaa96a8470d82f9e63f623f425b9094da13a18120a416a467f782d2,ae41f95b34d49c62882a1d58a8a01acd082e272133d05eee72cda453bea435cd,d46b5b7e8eaa96a8470d82f9e63f623f425b9094da13a18120a416a467f782d2,ae41f95b34d49c62882a1d58a8a01acd082e272133d05eee72cda453bea435cd,True,True,True,True
feature,prettier__prettier-3903,prettier/prettier,11,085cf63821de1ea677b7a25d8e9d1dd1053c3cfbc117437280f3cf9a2bd4ec8e,433301b6f7d9feb658553a3ff1a44c80e8259bfdd7d02cbdf7fb0fa3bf9f657f,085cf63821de1ea677b7a25d8e9d1dd1053c3cfbc117437280f3cf9a2bd4ec8e,433301b6f7d9feb658553a3ff1a44c80e8259bfdd7d02cbdf7fb0fa3bf9f657f,True,True,True,True
feature,prettier__prettier-3775,prettier/prettier,11,98a19a7fd0c6a1839f2b31258ccd12dcd94b20c41b3f45245cba01f7106ee71b,1bbd940bad702fd674161a95586779371cadddc2a4893f1ed1a4f596b5bc1e89,98a19a7fd0c6a1839f2b31258ccd12dcd94b20c41b3f45245cba01f7106ee71b,1bbd940bad702fd674161a95586779371cadddc2a4893f1ed1a4f596b5bc1e89,True,True,True,True
feature,prettier__prettier-842,prettier/prettier,11,e8cf92d05dfbf8ab91a7425d7ad38d5a111511396875ee540aab95f855b9c3e3,d9e9de87dcaaa8c576acc30d25cf9c9b29f66a2ef8ce3584c3de9f1338b27ffd,e8cf92d05dfbf8ab91a7425d7ad38d5a111511396875ee540aab95f855b9c3e3,d9e9de87dcaaa8c576acc30d25cf9c9b29f66a2ef8ce3584c3de9f1338b27ffd,True,True,True,True
feature,prettier__prettier-661,prettier/prettier,11,97048b4e432ea32a7bd7cb99662632a02b3510af1f2e792a3ee221fc9a127d71,b4723b1406f346ce40c1d5d1d4598ff5aaa3e22df20f33002edeb84255432d15,97048b4e432ea32a7bd7cb99662632a02b3510af1f2e792a3ee221fc9a127d71,b4723b1406f346ce40c1d5d1d4598ff5aaa3e22df20f33002edeb84255432d15,True,True,True,True
feature,prettier__prettier-661,prettier/prettier,29,4abf069f7637897f263803dff5c2473919ef85a45105e434c9466e29e77bab4f,b4723b1406f346ce40c1d5d1d4598ff5aaa3e22df20f33002edeb84255432d15,4abf069f7637897f263803dff5c2473919ef85a45105e434c9466e29e77bab4f,b4723b1406f346ce40c1d5d1d4598ff5aaa3e22df20f33002edeb84255432d15,True,True,True,True
feature,prettier__prettier-661,prettier/prettier,47,50b94bbe39ba1ca5f8175397ee67dcd25f3cec3af892c2aeee9a88a2b8ec21ce,7dd7d6fd2fe78bc8147a58ad40ea65293f99cb713c2f710221be94074cf75863,50b94bbe39ba1ca5f8175397ee67dcd25f3cec3af892c2aeee9a88a2b8ec21ce,7dd7d6fd2fe78bc8147a58ad40ea65293f99cb713c2f710221be94074cf75863,True,True,True,True
feature,serverless__serverless-10120,serverless/serverless,11,8a5d8fa43c0c306bcc32dd17b040eca27a05c58525e11c2008f28c5379de269a,ff4f7bd4e80e213f8bc82c4d9d5c425a6c0e2841e1eaab95f5e6680756782f1d,8a5d8fa43c0c306bcc32dd17b040eca27a05c58525e11c2008f28c5379de269a,ff4f7bd4e80e213f8bc82c4d9d5c425a6c0e2841e1eaab95f5e6680756782f1d,True,True,True,True
feature,serverless__serverless-10120,serverless/serverless,29,1a450f41b886e235120cf10e0d135e8dc86a14d8f936de579bb909b0e38a33e2,ff4f7bd4e80e213f8bc82c4d9d5c425a6c0e2841e1eaab95f5e6680756782f1d,1a450f41b886e235120cf10e0d135e8dc86a14d8f936de579bb909b0e38a33e2,ff4f7bd4e80e213f8bc82c4d9d5c425a6c0e2841e1eaab95f5e6680756782f1d,True,True,True,True
feature,serverless__serverless-10120,serverless/serverless,47,32948560c1f43f16673a483a46bbbcbd0ec1527e44727f0a69d1d88b8c3b0ec3,ff4f7bd4e80e213f8bc82c4d9d5c425a6c0e2841e1eaab95f5e6680756782f1d,32948560c1f43f16673a483a46bbbcbd0ec1527e44727f0a69d1d88b8c3b0ec3,ff4f7bd4e80e213f8bc82c4d9d5c425a6c0e2841e1eaab95f5e6680756782f1d,True,True,True,True
feature,serverless__serverless-8638,serverless/serverless,11,9c6a07f230af97ff7a0d23d83282b062bc9f5c067a919416a771e8c8bc5ce836,610ff536b2fcbcb0a7c16900ccd7fcf534ae929ef219cb9fd78b094bdf03dffe,9c6a07f230af97ff7a0d23d83282b062bc9f5c067a919416a771e8c8bc5ce836,610ff536b2fcbcb0a7c16900ccd7fcf534ae929ef219cb9fd78b094bdf03dffe,True,True,True,True
feature,serverless__serverless-7623,serverless/serverless,11,aac1b2d59d4c08bea3f347c9e08dbf00868890b8b8d21477ed92162232c0dce1,320637b1061683dea85a06834d5e26322747cd507a0a8d242625be279c7d8e7d,aac1b2d59d4c08bea3f347c9e08dbf00868890b8b8d21477ed92162232c0dce1,320637b1061683dea85a06834d5e26322747cd507a0a8d242625be279c7d8e7d,True,True,True,True
feature,serverless__serverless-7031,serverless/serverless,11,3628b1033f1a0243bc09de92901d77a87c499bb795e5d0f98668524e12302ba0,0eab526682a6e73093609d3f59c8ec14c94f7bd6c9b1a50623228b0fa4107bea,3628b1033f1a0243bc09de92901d77a87c499bb795e5d0f98668524e12302ba0,0eab526682a6e73093609d3f59c8ec14c94f7bd6c9b1a50623228b0fa4107bea,True,True,True,True
feature,serverless__serverless-7024,serverless/serverless,11,1af53308a3b694da429388009860b082d0278c60f7ce0f8364b0e52781b6dc7f,79cb47f9e30dabac104f306a4f058b71a2d34642e8abfcd39f1113a27595a4a6,1af53308a3b694da429388009860b082d0278c60f7ce0f8364b0e52781b6dc7f,79cb47f9e30dabac104f306a4f058b71a2d34642e8abfcd39f1113a27595a4a6,True,True,True,True
feature,serverless__serverless-6945,serverless/serverless,11,079e030a9b63fbfe24786872d45edfa94e19df055e1d0f7ff86ea5b9d91cc04f,afa3c46e0e53726fcef369e880d11d7500e3f8704d40b663bd06e7e93513fe99,079e030a9b63fbfe24786872d45edfa94e19df055e1d0f7ff86ea5b9d91cc04f,afa3c46e0e53726fcef369e880d11d7500e3f8704d40b663bd06e7e93513fe99,True,True,True,True
feature,serverless__serverless-6345,serverless/serverless,11,144bc454dee89e993acf53c0f2360ca5b05c5c0e7b008b8b6fd0d757668e6f2f,4e62fa07353aee692e85d09aa75533c597e4560fcf7a8c87c9fac572b593fb3d,144bc454dee89e993acf53c0f2360ca5b05c5c0e7b008b8b6fd0d757668e6f2f,4e62fa07353aee692e85d09aa75533c597e4560fcf7a8c87c9fac572b593fb3d,True,True,True,True
feature,serverless__serverless-6063,serverless/serverless,11,954a353322da47b8342feb6258b997fabd540a398fefa9711cf7ac5e8799b626,ceca903f25f32dc01e95ec566eddb4de93b8f98051e3171e085d508f4692fa1a,954a353322da47b8342feb6258b997fabd540a398fefa9711cf7ac5e8799b626,23cb708d60e05947c2fb3da6cab163b808feae30b995c5b6cfb87005a6ba1717,True,True,True,False
feature,serverless__serverless-6051,serverless/serverless,11,52c1094d39fa40cf80637e4963fac76ed273ca0976bea319b8b86ae651f1557e,07eca95f85447bfd04508acf13395ba983a4175a2cfcc3b8a3f2e90612aa460d,52c1094d39fa40cf80637e4963fac76ed273ca0976bea319b8b86ae651f1557e,07eca95f85447bfd04508acf13395ba983a4175a2cfcc3b8a3f2e90612aa460d,True,True,True,True
feature,serverless__serverless-5982,serverless/serverless,11,4a43d038311ea3e04d5f6f8d033fb7e2ade15211363e6332a1a0932ea9716537,102311777ad4750ffc9b02ef534156866de710f87f44a30da41453659e9637b8,4a43d038311ea3e04d5f6f8d033fb7e2ade15211363e6332a1a0932ea9716537,102311777ad4750ffc9b02ef534156866de710f87f44a30da41453659e9637b8,True,True,True,True
feature,serverless__serverless-5579,serverless/serverless,11,9d156f1873e282973c4786eb288cac3cdb4ac090618b88ac150d420c8bd52735,3f2f92b69f5dc54149c6b9b11b1d93121f36394f1241cb03376c41a48eaf3db7,9d156f1873e282973c4786eb288cac3cdb4ac090618b88ac150d420c8bd52735,3f2f92b69f5dc54149c6b9b11b1d93121f36394f1241cb03376c41a48eaf3db7,True,True,True,True
feature,serverless__serverless-5509,serverless/serverless,11,568b0803b04e1ed4239852f3911aab221cbc6890fd0a0bee9f4cdfceff90cdeb,d77515e97dc679effe4dc957f041fb7d7e5b23de151ebea36b7773e6710d853d,568b0803b04e1ed4239852f3911aab221cbc6890fd0a0bee9f4cdfceff90cdeb,d77515e97dc679effe4dc957f041fb7d7e5b23de151ebea36b7773e6710d853d,True,True,True,True
feature,serverless__serverless-4097,serverless/serverless,11,6dcb7acc643cdcca1261ad8eb6882b64b9fa05df53c19e8addf3cf14ca718840,7decfa193717cf2964a8fdeaaf66f3b16c03310b97d00b8cd556c45d01553052,6dcb7acc643cdcca1261ad8eb6882b64b9fa05df53c19e8addf3cf14ca718840,7decfa193717cf2964a8fdeaaf66f3b16c03310b97d00b8cd556c45d01553052,True,True,True,True
feature,serverless__serverless-3642,serverless/serverless,11,cf9f993e0e1dc99b0b1503d753eb171670bec647327228d68b775fadc4c086ba,adf95b014602c8a629505257d4b3f2b1f8725c6b227fd6b8e861543b1918dcd3,cf9f993e0e1dc99b0b1503d753eb171670bec647327228d68b775fadc4c086ba,adf95b014602c8a629505257d4b3f2b1f8725c6b227fd6b8e861543b1918dcd3,True,True,True,True
feature,serverless__serverless-3642,serverless/serverless,29,d534a0664f8334c58e4764400de3f615059877d466665533f216d6d2f3b52706,adf95b014602c8a629505257d4b3f2b1f8725c6b227fd6b8e861543b1918dcd3,d534a0664f8334c58e4764400de3f615059877d466665533f216d6d2f3b52706,adf95b014602c8a629505257d4b3f2b1f8725c6b227fd6b8e861543b1918dcd3,True,True,True,True
feature,serverless__serverless-3642,serverless/serverless,47,afbda173b519e45965fc62509a83fdc29b68e3850fb4d175ddd257e1ba4c8f42,adf95b014602c8a629505257d4b3f2b1f8725c6b227fd6b8e861543b1918dcd3,afbda173b519e45965fc62509a83fdc29b68e3850fb4d175ddd257e1ba4c8f42,adf95b014602c8a629505257d4b3f2b1f8725c6b227fd6b8e861543b1918dcd3,True,True,True,True
feature,serverless__serverless-3609,serverless/serverless,11,3eb1c4b1092bd2015869eebe884ab7920ab45ce65c53efc086628d3ac3c4c098,785f8b8243660a9347292f34a09a611ed5501058cbb5330048736c8e575713b6,3eb1c4b1092bd2015869eebe884ab7920ab45ce65c53efc086628d3ac3c4c098,785f8b8243660a9347292f34a09a611ed5501058cbb5330048736c8e575713b6,True,True,True,True
feature,serverless__serverless-3548,serverless/serverless,11,f4cb3cad8fdb2bf17976204c955ebb11f3edb16e46ec4030183372ad3392948e,51ad464da7ba4b54cb765130084e7e9be89d77c88745b3e19774caa0f3980b56,f4cb3cad8fdb2bf17976204c955ebb11f3edb16e46ec4030183372ad3392948e,c82c9d9127ae01a20561f7f69f64f6c9dd7d4ab166ca1aca01f9bad7a204242b,True,True,True,False
feature,serverless__serverless-3217,serverless/serverless,11,0d16f6748c2f6a28fe9c5b03418108edebca852a3d80a501175088f791e20d5e,7daf29c24fbb98820fa928eb63c5ae3a072118e64a2cbfdd70c5f95a81bf2d21,0d16f6748c2f6a28fe9c5b03418108edebca852a3d80a501175088f791e20d5e,7daf29c24fbb98820fa928eb63c5ae3a072118e64a2cbfdd70c5f95a81bf2d21,True,True,True,True
feature,serverless__serverless-2910,serverless/serverless,11,686b67c0741f47df76a2e3bf1a0e7b98a620c03a6f5279dc9391f6fbec4167d5,45a25c43e9aa33f86c38a37ce62429b418cc2825b3d85307253734753f4f3f20,686b67c0741f47df76a2e3bf1a0e7b98a620c03a6f5279dc9391f6fbec4167d5,45a25c43e9aa33f86c38a37ce62429b418cc2825b3d85307253734753f4f3f20,True,True,True,True
feature,serverless__serverless-2748,serverless/serverless,11,95e037c513d071f7d500c6a2fd639b0aa5b671ea37c0c4ba6c2b6a04c663444f,9505b1bd55bebf2919dcf0578faed6738902a916faacc0cfc502991d85bfc656,95e037c513d071f7d500c6a2fd639b0aa5b671ea37c0c4ba6c2b6a04c663444f,f00732752ab330d0c2f85605b519f01f5c9e0e0d8e490b0095152aa3d1fd93ac,True,True,True,False
feature,serverless__serverless-2624,serverless/serverless,11,6563fb88651e86071c9ce6c5ac5e4900675a270bcadcf9c2127f49216762fe06,6d5ce63e7633029124be23efbcca519fd7436cd3d654662080504122a1d8046e,6563fb88651e86071c9ce6c5ac5e4900675a270bcadcf9c2127f49216762fe06,6d5ce63e7633029124be23efbcca519fd7436cd3d654662080504122a1d8046e,True,True,True,True
feature,microsoft__vscode-114208,microsoft/vscode,11,8be9e556a3e6637495d7bb3cb56ce5de7976a8e9d380d59286dcb5845ed7c791,c98930d2869a3cb2850e30a4e976f6b68ad787cd7f0541817dfb1ab0adf7876f,8be9e556a3e6637495d7bb3cb56ce5de7976a8e9d380d59286dcb5845ed7c791,c98930d2869a3cb2850e30a4e976f6b68ad787cd7f0541817dfb1ab0adf7876f,True,True,True,True
feature,microsoft__vscode-127257,microsoft/vscode,11,eb3edc1d08069cc97c9e461b9a7b8f51bca43cfb10a03b7899c9025c738d9c46,412424060d6d57afb47d8b423199e9842b599b881dc7df3a1b50f2e70a8d72c5,eb3edc1d08069cc97c9e461b9a7b8f51bca43cfb10a03b7899c9025c738d9c46,412424060d6d57afb47d8b423199e9842b599b881dc7df3a1b50f2e70a8d72c5,True,True,True,True
feature,microsoft__vscode-127257,microsoft/vscode,29,e83ca88a2b9ad44e3b1716c1cc6d1c0b9452a504ad197375e2e2349709d8dfd6,412424060d6d57afb47d8b423199e9842b599b881dc7df3a1b50f2e70a8d72c5,e83ca88a2b9ad44e3b1716c1cc6d1c0b9452a504ad197375e2e2349709d8dfd6,412424060d6d57afb47d8b423199e9842b599b881dc7df3a1b50f2e70a8d72c5,True,True,True,True
feature,microsoft__vscode-127257,microsoft/vscode,47,a0337b2833ff6314ca5e82ec8e20deff2f025d1eeae207a7d77e4dd2b97329cb,412424060d6d57afb47d8b423199e9842b599b881dc7df3a1b50f2e70a8d72c5,a0337b2833ff6314ca5e82ec8e20deff2f025d1eeae207a7d77e4dd2b97329cb,412424060d6d57afb47d8b423199e9842b599b881dc7df3a1b50f2e70a8d72c5,True,True,True,True
feature,microsoft__vscode-128931,microsoft/vscode,11,71c5a19e8b5f6a94fbeebda7e4748505878d8736c6ec51c62dc5231ca49475d9,d3a75054fe85dfc5f32eab7351a6efe05ab8ffa0f36fce9f8929df642aa961f9,71c5a19e8b5f6a94fbeebda7e4748505878d8736c6ec51c62dc5231ca49475d9,d3a75054fe85dfc5f32eab7351a6efe05ab8ffa0f36fce9f8929df642aa961f9,True,True,True,True
feature,microsoft__vscode-146962,microsoft/vscode,11,4227c88f21ea4d09fc0987893565f3865c1eee3b37688b2f7600dac553394400,bfbe60141844e33d107f24e08869918876e0f0ee0a2acb6454b78bdad268c5ea,4227c88f21ea4d09fc0987893565f3865c1eee3b37688b2f7600dac553394400,bfbe60141844e33d107f24e08869918876e0f0ee0a2acb6454b78bdad268c5ea,True,True,True,True
feature,microsoft__vscode-152802,microsoft/vscode,11,762ef503915c574f84effdc0883e970d1b88e864803d2d4a4069a7fd730bb51d,778a4d6f0c28ad0411888936a4344fadc61fa24bdf5dda18128ae19f705a7c3c,762ef503915c574f84effdc0883e970d1b88e864803d2d4a4069a7fd730bb51d,778a4d6f0c28ad0411888936a4344fadc61fa24bdf5dda18128ae19f705a7c3c,True,True,True,True
feature,microsoft__vscode-155261,microsoft/vscode,11,4bca1b4f234d9ca2e06cac3137e2b6e8d103837ca369233df0d15f903bbbf7a6,f71d7428b8ca51b9339e21fee228561f048e459c49c145b2f2a88d44885bd1c2,4bca1b4f234d9ca2e06cac3137e2b6e8d103837ca369233df0d15f903bbbf7a6,f71d7428b8ca51b9339e21fee228561f048e459c49c145b2f2a88d44885bd1c2,True,True,True,True
feature,microsoft__vscode-156733,microsoft/vscode,11,610d25577bc4c2dc6b536ea869c733ddb2e421cc222bd1d3f15318dc3fea3b15,c876f2cf39d47e04d60bfff73b9e41a60696a027af3e2adc9ae82fcdcc1d52ea,610d25577bc4c2dc6b536ea869c733ddb2e421cc222bd1d3f15318dc3fea3b15,c876f2cf39d47e04d60bfff73b9e41a60696a027af3e2adc9ae82fcdcc1d52ea,True,True,True,True
feature,microsoft__vscode-165197,microsoft/vscode,11,3786b1e5881de44d9b0d1d8cab740f89db46929890ed196170b421d282e3acb0,069b6d8fe0a09c8fc938ee961a39e570ae94fd7bba6a306ceb3f11b24c3568fd,3786b1e5881de44d9b0d1d8cab740f89db46929890ed196170b421d282e3acb0,069b6d8fe0a09c8fc938ee961a39e570ae94fd7bba6a306ceb3f11b24c3568fd,True,True,True,True
feature,microsoft__vscode-165197,microsoft/vscode,29,d93e17e02778ab8e0d469160f6d58c05f60184980b29336289955e0f37fd4cad,069b6d8fe0a09c8fc938ee961a39e570ae94fd7bba6a306ceb3f11b24c3568fd,d93e17e02778ab8e0d469160f6d58c05f60184980b29336289955e0f37fd4cad,069b6d8fe0a09c8fc938ee961a39e570ae94fd7bba6a306ceb3f11b24c3568fd,True,True,True,True
feature,microsoft__vscode-165197,microsoft/vscode,47,2ff61977ecab4790239f7f344f1331191d92c8c2b01af57117fb622dcadda22c,069b6d8fe0a09c8fc938ee961a39e570ae94fd7bba6a306ceb3f11b24c3568fd,2ff61977ecab4790239f7f344f1331191d92c8c2b01af57117fb622dcadda22c,069b6d8fe0a09c8fc938ee961a39e570ae94fd7bba6a306ceb3f11b24c3568fd,True,True,True,True
feature,microsoft__vscode-168788,microsoft/vscode,11,4d83b0c1e3cf3bf4415027718180f9fd88250973c84128089e2240ec8d161c0f,9b70a0066f9f28a26a3c519e6151400413f748213e337a0e5774abed2a67d561,4d83b0c1e3cf3bf4415027718180f9fd88250973c84128089e2240ec8d161c0f,9b70a0066f9f28a26a3c519e6151400413f748213e337a0e5774abed2a67d561,True,True,True,True
feature,microsoft__vscode-178291,microsoft/vscode,11,efcd24a682e0121ccb2955c38aca63936a09f7aed4b629389bdb1eaa82816ba8,13bbdad6f1c426ec8f24073366041fb871e321d2a0b2f6b4b66c8f582301b711,efcd24a682e0121ccb2955c38aca63936a09f7aed4b629389bdb1eaa82816ba8,13bbdad6f1c426ec8f24073366041fb871e321d2a0b2f6b4b66c8f582301b711,True,True,True,True
feature,microsoft__vscode-178513,microsoft/vscode,11,bd7cb934c0e5934ee466babc5009b2100c62ed990970c8dc00520d8f57ef1154,3ce8aa79810d12a4bc092820e47054e3a0b0fdbf866c896c073c55b02a75f1d6,bd7cb934c0e5934ee466babc5009b2100c62ed990970c8dc00520d8f57ef1154,3ce8aa79810d12a4bc092820e47054e3a0b0fdbf866c896c073c55b02a75f1d6,True,True,True,True
feature,microsoft__vscode-178694,microsoft/vscode,11,b34e9d1113ab6890946270c2b43482121aca338ab48fd28b9b23d36260c3e70d,e75685f27c7ee6861ebe24209d628b5a7165d9393674ea4acc38267901fb8ccb,b34e9d1113ab6890946270c2b43482121aca338ab48fd28b9b23d36260c3e70d,ff8a9cbbfb4717e4a381b867fa6904762022a80314c9354524f3996c33fac6d4,True,True,True,False
feature,microsoft__vscode-182669,microsoft/vscode,11,d8c2e44964bfeeddf9a3a85ad23d5629c28884c65545b88e0dd490b05a8e47e0,34c8667590b165cc5d1138006133078985b92a509f1db6f3dd00976054e8cbb4,d8c2e44964bfeeddf9a3a85ad23d5629c28884c65545b88e0dd490b05a8e47e0,34c8667590b165cc5d1138006133078985b92a509f1db6f3dd00976054e8cbb4,True,True,True,True
feature,microsoft__vscode-190351,microsoft/vscode,11,b686e36c7e3d404dff1915cbad65bef64b0f2b7d8210ead60639bc40c813b0be,0cf0be19803bfb9e6b84be107e8031e3bbf36b3b359f97dbdf7d32a9626e12b6,b686e36c7e3d404dff1915cbad65bef64b0f2b7d8210ead60639bc40c813b0be,0cf0be19803bfb9e6b84be107e8031e3bbf36b3b359f97dbdf7d32a9626e12b6,True,True,True,True
feature,microsoft__vscode-191602,microsoft/vscode,11,122a60e1f883915c91de494435bfe0486fbd6e35bce9425bf6ca4ac41642b0a2,0cf0be19803bfb9e6b84be107e8031e3bbf36b3b359f97dbdf7d32a9626e12b6,122a60e1f883915c91de494435bfe0486fbd6e35bce9425bf6ca4ac41642b0a2,0cf0be19803bfb9e6b84be107e8031e3bbf36b3b359f97dbdf7d32a9626e12b6,True,True,True,True
feature,mui__material-ui-11446,mui/material-ui,11,21eee69509f98a60df579871e8f32ca1a29b400ea32ba38bace74c2c1e37938e,61494a30d04b796771564cfc37079d1cff507afc96a50a722482607868256645,21eee69509f98a60df579871e8f32ca1a29b400ea32ba38bace74c2c1e37938e,61494a30d04b796771564cfc37079d1cff507afc96a50a722482607868256645,True,True,True,True
feature,mui__material-ui-13828,mui/material-ui,11,1897b957473b8c7621d6f9b96ab768d79eac9121e835163932a7726b05cfe6e7,38cf55667350b7a8df1b99dc2104b2a378f930bc5fa0364b74774f91e9294839,1897b957473b8c7621d6f9b96ab768d79eac9121e835163932a7726b05cfe6e7,38cf55667350b7a8df1b99dc2104b2a378f930bc5fa0364b74774f91e9294839,True,True,True,True
feature,mui__material-ui-13899,mui/material-ui,11,d48799ce3d2fe8c71aa03c1dfe91ada82547fa59459a32867bdfc48e7e9ca0eb,305a92d460831fc50a491ee1e3e4b62957be15224705cc0349520feb02031259,d48799ce3d2fe8c71aa03c1dfe91ada82547fa59459a32867bdfc48e7e9ca0eb,e9470926ae90e4b5548ef91bb301210a1d65ce3870632c711f6e40d56a2a08cd,True,True,True,False
feature,mui__material-ui-14465,mui/material-ui,11,7e7a817e4137f6dd88d64a0638bac54706374580999ac15a0da70f45aa39e34a,49cd1e017b12d45de3503bd7f02416b5873c7701ac51f40584fb0567a0802301,7e7a817e4137f6dd88d64a0638bac54706374580999ac15a0da70f45aa39e34a,5ac49bb6158ffcff7f6ce3b9fc29b8a15d5c63da2c10001b77fab21b40e2cbce,True,True,True,False
feature,mui__material-ui-15495,mui/material-ui,11,8d17b96744398d39316259c86a530b4fcd7d584039529ee50c21b57de6b6e5db,209e1117973c83ba04bd3c85c35da2f9fb2e08307ae0f0e72db2df56436dff18,8d17b96744398d39316259c86a530b4fcd7d584039529ee50c21b57de6b6e5db,209e1117973c83ba04bd3c85c35da2f9fb2e08307ae0f0e72db2df56436dff18,True,True,True,True
feature,mui__material-ui-17005,mui/material-ui,11,51dc59474de556a9da2448cc4b3589dc2590be25fa411bbc7ab4366b63881697,6dbe7b9fbf7912032a22c7707c056c358b2465399427d5f53a800f9dbbccf322,51dc59474de556a9da2448cc4b3589dc2590be25fa411bbc7ab4366b63881697,6dbe7b9fbf7912032a22c7707c056c358b2465399427d5f53a800f9dbbccf322,True,True,True,True
feature,mui__material-ui-17640,mui/material-ui,11,6042dddb756b8836fb678c44b1327a3a75d65e9473cd435da01117e7732aeaf4,62ccd9ad95dcab079aa8f90eb123e29442f99f88a31a9778791eb12e256de283,6042dddb756b8836fb678c44b1327a3a75d65e9473cd435da01117e7732aeaf4,62ccd9ad95dcab079aa8f90eb123e29442f99f88a31a9778791eb12e256de283,True,True,True,True
feature,mui__material-ui-17691,mui/material-ui,11,e480b305432e43d749744f8157416f2a2a3829a29b383f6a0cfac91b03844001,08bf157ff03984b20fa2c7e37c0b2268cba6bbf461e5e19c806867a787d211fe,e480b305432e43d749744f8157416f2a2a3829a29b383f6a0cfac91b03844001,08bf157ff03984b20fa2c7e37c0b2268cba6bbf461e5e19c806867a787d211fe,True,True,True,True
feature,mui__material-ui-17691,mui/material-ui,29,b0ab58c48ff1a4a0353c06ba95c680a93e2d1f311c96fbe83e7410bad1b2b071,08bf157ff03984b20fa2c7e37c0b2268cba6bbf461e5e19c806867a787d211fe,b0ab58c48ff1a4a0353c06ba95c680a93e2d1f311c96fbe83e7410bad1b2b071,08bf157ff03984b20fa2c7e37c0b2268cba6bbf461e5e19c806867a787d211fe,True,True,True,True
feature,mui__material-ui-17691,mui/material-ui,47,a391093a87b23948de00604b20cf1b5645cc849dddb5a7fa3a36ecf84d93f7a7,08bf157ff03984b20fa2c7e37c0b2268cba6bbf461e5e19c806867a787d211fe,a391093a87b23948de00604b20cf1b5645cc849dddb5a7fa3a36ecf84d93f7a7,08bf157ff03984b20fa2c7e37c0b2268cba6bbf461e5e19c806867a787d211fe,True,True,True,True
feature,mui__material-ui-17829,mui/material-ui,11,165e40641fa52f734f41571714519d0cfe136c90c82a5000d40a00a7e868a2d3,4700d5c2c491384eb47f19b5528f661946e4c5ea83d6443ebfa5ff1a093d938d,165e40641fa52f734f41571714519d0cfe136c90c82a5000d40a00a7e868a2d3,565723766a1eac558bab75f804ee8d03532fc188bafac8fe6be11a9f32719648,True,True,True,False
feature,mui__material-ui-18744,mui/material-ui,11,3544d5dad2200e45f050928ea50596e3710964bcd6aa4dfcbab53dfa8f5a50af,d3e8c134e31a052c98aa1dc4022f928da41667e7c0fcbc060a7e8bab394152aa,3544d5dad2200e45f050928ea50596e3710964bcd6aa4dfcbab53dfa8f5a50af,b41ed9d77a8852c15bedb99f9e5bb8f06daeede63bf6143b8b77529a2c4709ed,True,True,True,False
feature,mui__material-ui-20133,mui/material-ui,11,683d79eab0a082e1f3ac755a662d9ed09744c8a1f1b9457d72bf5a840cf8d19e,8d092a3384a26e0f24836a6781e3759fe411c5f6d21ae9b7c857b034b44d6150,683d79eab0a082e1f3ac755a662d9ed09744c8a1f1b9457d72bf5a840cf8d19e,8d092a3384a26e0f24836a6781e3759fe411c5f6d21ae9b7c857b034b44d6150,True,True,True,True
feature,mui__material-ui-20781,mui/material-ui,11,3751fa8a0b88fe2383a32f28cfaecc719368526f75a98cb5f10a4fb48f974d62,1c8aa5184e4894340995ae6f6dba55774a2402859ba40a056178d7d263cc8581,3751fa8a0b88fe2383a32f28cfaecc719368526f75a98cb5f10a4fb48f974d62,1c8aa5184e4894340995ae6f6dba55774a2402859ba40a056178d7d263cc8581,True,True,True,True
feature,mui__material-ui-20781,mui/material-ui,29,b603c3e4842fb7b06b4bd5eca0d3b65737c8ad04370414525e146a9f7505764a,1c8aa5184e4894340995ae6f6dba55774a2402859ba40a056178d7d263cc8581,b603c3e4842fb7b06b4bd5eca0d3b65737c8ad04370414525e146a9f7505764a,1c8aa5184e4894340995ae6f6dba55774a2402859ba40a056178d7d263cc8581,True,True,True,True
feature,mui__material-ui-20781,mui/material-ui,47,7fdbe71dd14711edfa784035091273f0ff55740024e83fef2cd36698ed7ebb88,4e8f78cc49fbdaea5f18c1683cece44cdb5765b42f89b443ce31f93448a825a8,7fdbe71dd14711edfa784035091273f0ff55740024e83fef2cd36698ed7ebb88,4e8f78cc49fbdaea5f18c1683cece44cdb5765b42f89b443ce31f93448a825a8,True,True,True,True
feature,mui__material-ui-21192,mui/material-ui,11,c441d217f9e2e3413d446b10d6cb0275826828edb85a136ea545eba3687584d1,2325e604fd565aed925b95e134b2f145398a56b75c200ce095e151b3543bcb0d,c441d217f9e2e3413d446b10d6cb0275826828edb85a136ea545eba3687584d1,2325e604fd565aed925b95e134b2f145398a56b75c200ce095e151b3543bcb0d,True,True,True,True
feature,mui__material-ui-23364,mui/material-ui,11,0872824bed43804d34e1c4b1ea18ad8d31b09ecd406ee1779249aacb88e8264b,7ff7246de1beef390ea1818f2acbf10b34307ecd507e64a79143fa5adbc35597,0872824bed43804d34e1c4b1ea18ad8d31b09ecd406ee1779249aacb88e8264b,a13e01ef13e846f8ca70203ceb87dda66de5c9e46f16c225d94a7c266fe434d5,True,True,True,False
feature,mui__material-ui-26746,mui/material-ui,11,77dfa241248177a924b89fe224be324cd0548c38bf3cd005ae21b1e366891819,8964240e0d712fc18b171f3cbf56f265e4774ad043f894b3fd95b80ae00e4cd4,77dfa241248177a924b89fe224be324cd0548c38bf3cd005ae21b1e366891819,8964240e0d712fc18b171f3cbf56f265e4774ad043f894b3fd95b80ae00e4cd4,True,True,True,True
feature,mui__material-ui-28813,mui/material-ui,11,73eef5532514a4c9ac2e1e36aa7253cf66d50340e22447b9851d19c2af072bac,fe591c0e881fa18b1d4f780fb5cd3c3aabbf2416b4c26047e2a3eeb787b4eeec,73eef5532514a4c9ac2e1e36aa7253cf66d50340e22447b9851d19c2af072bac,fe591c0e881fa18b1d4f780fb5cd3c3aabbf2416b4c26047e2a3eeb787b4eeec,True,True,True,True
feature,mui__material-ui-33312,mui/material-ui,11,c906eed188a3c56b42f4a077b4c250985e7dccff144e5f9690a3815b538bf684,4ae3dbc97c02c2eb21836b0126d0d5cc0743bbc26d74e4b173922c9deee53d86,c906eed188a3c56b42f4a077b4c250985e7dccff144e5f9690a3815b538bf684,8722b5fbab3d39baceecf36e0b0cf8778f66283e21021674a9c4a5c349ffaca8,True,True,True,False
feature,mui__material-ui-34138,mui/material-ui,11,db76cdfd3d584329b07e8e959565303ef50c74bd45e8e0c3d38c7fc8bf9037bf,5a94026c6971d91c5df4293b2746c6e9e47b9192e25c012118f082266376d8c2,db76cdfd3d584329b07e8e959565303ef50c74bd45e8e0c3d38c7fc8bf9037bf,bbe619dfcc08539972da2986c95cf7b01a231d53bcc164c4ade4da1f685b14be,True,True,True,False
feature,mui__material-ui-34158,mui/material-ui,11,aab907d694562bf858a3f6bc9724b7848f87683531cbe1c592370e8de80cb2ad,eaa412f08782ba56afa472d735262f4726cca1988040d8cebd7b63547f1f2962,aab907d694562bf858a3f6bc9724b7848f87683531cbe1c592370e8de80cb2ad,eaa412f08782ba56afa472d735262f4726cca1988040d8cebd7b63547f1f2962,True,True,True,True
feature,mui__material-ui-34207,mui/material-ui,11,d3b847ea71789fabf2ce4b01e303faae8728a6432087a313d3443f9c7d2a1bed,a7846500274ae4b80cab99ffcccdfacf04ae42f75e3cdf596f468806cd25bf59,d3b847ea71789fabf2ce4b01e303faae8728a6432087a313d3443f9c7d2a1bed,a7846500274ae4b80cab99ffcccdfacf04ae42f75e3cdf596f468806cd25bf59,True,True,True,True
feature,mui__material-ui-37908,mui/material-ui,11,0aa91849b02bd67dcf08f70a7a9c34c9c2540101fa0f46f73c9d44b0b28d4576,554cab511423092403952559ee54b33bb8abdea1c550e8a6bf10cc9bf2e49f5d,0aa91849b02bd67dcf08f70a7a9c34c9c2540101fa0f46f73c9d44b0b28d4576,554cab511423092403952559ee54b33bb8abdea1c550e8a6bf10cc9bf2e49f5d,True,True,True,True
feature,mui__material-ui-38167,mui/material-ui,11,8f4393d8bda416f0904dd758168354a63d2f3bdcf5557c5154c15a06217bea40,bf3e8d86b9900374209b85d093fcfda039a660b38117cbb0f3f14ff523f6b51a,8f4393d8bda416f0904dd758168354a63d2f3bdcf5557c5154c15a06217bea40,bf3e8d86b9900374209b85d093fcfda039a660b38117cbb0f3f14ff523f6b51a,True,True,True,True
feature,tailwindlabs__tailwindcss-88,tailwindlabs/tailwindcss,11,048dccac6ac8b473cf176023d0da45a91391ece92246d4f31b804d1060b793ac,3e850c8ee261520a6877e9e1d5f0007a41f691efb72bd286302eb101b8b54510,048dccac6ac8b473cf176023d0da45a91391ece92246d4f31b804d1060b793ac,3e850c8ee261520a6877e9e1d5f0007a41f691efb72bd286302eb101b8b54510,True,True,True,True
feature,tailwindlabs__tailwindcss-165,tailwindlabs/tailwindcss,11,a74c4379a6eef5ff0f33224c453eaf12fbfe97e336d60c5cc45f243aebe25dfc,4b61165971b3d2c49eb408eebaa478e34fd1d52567e1cfaee2450171c5d2f08f,a74c4379a6eef5ff0f33224c453eaf12fbfe97e336d60c5cc45f243aebe25dfc,4b61165971b3d2c49eb408eebaa478e34fd1d52567e1cfaee2450171c5d2f08f,True,True,True,True
feature,tailwindlabs__tailwindcss-236,tailwindlabs/tailwindcss,11,8da65fde6e4b46243e3b087d05d0c3ee3f6009e37246eeaff151bb88bc29dd07,c99b0c99c8f7a2a647411842e10a60bbc169232960b246e30afe35cc90530ce6,8da65fde6e4b46243e3b087d05d0c3ee3f6009e37246eeaff151bb88bc29dd07,c99b0c99c8f7a2a647411842e10a60bbc169232960b246e30afe35cc90530ce6,True,True,True,True
feature,tailwindlabs__tailwindcss-417,tailwindlabs/tailwindcss,11,8ad791934d15fd541628b3379d5e002df98d1549fa3c1bb4f0c48573963ab140,b8c328415191e67f629f1f9c4c0dbcea161533fcf5d60878183297fbccf2fd2d,8ad791934d15fd541628b3379d5e002df98d1549fa3c1bb4f0c48573963ab140,b8c328415191e67f629f1f9c4c0dbcea161533fcf5d60878183297fbccf2fd2d,True,True,True,True
feature,tailwindlabs__tailwindcss-445,tailwindlabs/tailwindcss,11,461414193826676795da0246404a5899221d63df0130de638d0533e4f85b3cb0,8f5920304316d3e64ff584e732bb8b1ad32e98553acbb59b0525d9cc9a22a2fe,461414193826676795da0246404a5899221d63df0130de638d0533e4f85b3cb0,8f5920304316d3e64ff584e732bb8b1ad32e98553acbb59b0525d9cc9a22a2fe,True,True,True,True
feature,tailwindlabs__tailwindcss-445,tailwindlabs/tailwindcss,29,c7404e64bcc41ac689e25e33c2436c51882df899bd2462c2d79e894424044758,a767dba406007968f7e9c340b946d4d906143dd941994aca172684b4cf2a2e12,c7404e64bcc41ac689e25e33c2436c51882df899bd2462c2d79e894424044758,a767dba406007968f7e9c340b946d4d906143dd941994aca172684b4cf2a2e12,True,True,True,True
feature,tailwindlabs__tailwindcss-445,tailwindlabs/tailwindcss,47,ed8c1424f73bf4e72dd2490c5fca1358039db06e83980b5f36c8d85a988a6185,a767dba406007968f7e9c340b946d4d906143dd941994aca172684b4cf2a2e12,ed8c1424f73bf4e72dd2490c5fca1358039db06e83980b5f36c8d85a988a6185,a767dba406007968f7e9c340b946d4d906143dd941994aca172684b4cf2a2e12,True,True,True,True
feature,tailwindlabs__tailwindcss-463,tailwindlabs/tailwindcss,11,b5c8585887c872e95ab56c78230e2817d20ef95eaedc65f161e0df9c84871390,158a8118887aaf63358e6d16fe5b461c8c42f2227ab90d4d3fabb62f22aac288,b5c8585887c872e95ab56c78230e2817d20ef95eaedc65f161e0df9c84871390,158a8118887aaf63358e6d16fe5b461c8c42f2227ab90d4d3fabb62f22aac288,True,True,True,True
feature,tailwindlabs__tailwindcss-553,tailwindlabs/tailwindcss,11,fa39a61387c2a73d21fcf9b038627dc446c86b1ae46ec44d04d16435a4c754be,13d29cab465b73b98d7673bb833412430026055e9b509f23ae9a181eb6d0b30a,fa39a61387c2a73d21fcf9b038627dc446c86b1ae46ec44d04d16435a4c754be,20ef2282b77fee76e2f09f178ecb3f257afcbd386462142fb2bbc641ff8a2b35,True,True,True,False
feature,tailwindlabs__tailwindcss-849,tailwindlabs/tailwindcss,11,46d41f2aa37e6951cb2f08efc71d253999cb69a1f72662bc74523b44e1d84e61,5c8b66f60185751e84a3abe746cae751628d0d66fe0f3a897e303ecb85cbfdee,46d41f2aa37e6951cb2f08efc71d253999cb69a1f72662bc74523b44e1d84e61,5c8b66f60185751e84a3abe746cae751628d0d66fe0f3a897e303ecb85cbfdee,True,True,True,True
feature,tailwindlabs__tailwindcss-849,tailwindlabs/tailwindcss,29,405e8fe712be471ed49b0a7b343611084894c67b369c75c635c6aec16dbdd31a,5c8b66f60185751e84a3abe746cae751628d0d66fe0f3a897e303ecb85cbfdee,405e8fe712be471ed49b0a7b343611084894c67b369c75c635c6aec16dbdd31a,5c8b66f60185751e84a3abe746cae751628d0d66fe0f3a897e303ecb85cbfdee,True,True,True,True
feature,tailwindlabs__tailwindcss-849,tailwindlabs/tailwindcss,47,8bd87ef4154f74627e1446676c3a5425c8d4cb64483b6427e64c216266963417,5c8b66f60185751e84a3abe746cae751628d0d66fe0f3a897e303ecb85cbfdee,8bd87ef4154f74627e1446676c3a5425c8d4cb64483b6427e64c216266963417,5c8b66f60185751e84a3abe746cae751628d0d66fe0f3a897e303ecb85cbfdee,True,True,True,True
feature,coder__code-server-4597,coder/code-server,11,643db0db2a0d1aecb95910237a99ba06443459b5086b050e230882639a03e439,c834ec4fa79523aa77a5933e2070444bc81b5d6670b4e0edcfd9a1ced0449ad3,643db0db2a0d1aecb95910237a99ba06443459b5086b050e230882639a03e439,d9f736b1ebcd253bf1784afb0999eafed80ffbb7f13edbad88e6d94ef619eef3,True,True,True,False
feature,coder__code-server-4678,coder/code-server,11,0ad4da0090df28f010ae06cccafb6cb09ccad89331ff959f6fb573cf6af47610,3cdb902f0bec84d6a57ab79fb346ac0546f75939185622850c653beb41d10aaf,0ad4da0090df28f010ae06cccafb6cb09ccad89331ff959f6fb573cf6af47610,cd107cb317f5f592ba08fad0b2373e64e8f1857df08bde8b438b23d7a9cbe270,True,True,True,False
feature,coder__code-server-4678,coder/code-server,29,c7fe655eee3062753753ad75bcd30be66ec04e45874fbe15d49cda6e1e6e04d4,3cdb902f0bec84d6a57ab79fb346ac0546f75939185622850c653beb41d10aaf,c7fe655eee3062753753ad75bcd30be66ec04e45874fbe15d49cda6e1e6e04d4,3cdb902f0bec84d6a57ab79fb346ac0546f75939185622850c653beb41d10aaf,True,True,True,True
feature,coder__code-server-4678,coder/code-server,47,c4cae4550f533f399379a22cb021fdeb47339a4632c65ee80ef8dd659e96ae97,d83cb71c201583fe924d3e5a836177c67fa58dcae9b684acccf7598cad8354c7,c4cae4550f533f399379a22cb021fdeb47339a4632c65ee80ef8dd659e96ae97,d83cb71c201583fe924d3e5a836177c67fa58dcae9b684acccf7598cad8354c7,True,True,True,True
feature,coder__code-server-4923,coder/code-server,11,7dd7355906a81dd84e3b95d77f736d800ef216cf36b1ec00f0c80e3d53be3aec,a2fa1db44da1de399711d3594a897654a7560d634c220e8f20f6fbd80c88e681,7dd7355906a81dd84e3b95d77f736d800ef216cf36b1ec00f0c80e3d53be3aec,a2fa1db44da1de399711d3594a897654a7560d634c220e8f20f6fbd80c88e681,True,True,True,True
feature,coder__code-server-4923,coder/code-server,29,f8eeb08ebacf62c1b5ed7bac6ea9eab33b33ba4ca517ed61beb0d37379f3c2eb,cc76d0ff55126deeeb38f8d468c3232a27597aafd81d69173daf7e52257c533d,f8eeb08ebacf62c1b5ed7bac6ea9eab33b33ba4ca517ed61beb0d37379f3c2eb,cc76d0ff55126deeeb38f8d468c3232a27597aafd81d69173daf7e52257c533d,True,True,True,True
feature,coder__code-server-4923,coder/code-server,47,af6c84b354ddafe5ff71113891087e3c5d2f50a4e85c4b0fecec696aa381672a,a2fa1db44da1de399711d3594a897654a7560d634c220e8f20f6fbd80c88e681,af6c84b354ddafe5ff71113891087e3c5d2f50a4e85c4b0fecec696aa381672a,a2fa1db44da1de399711d3594a897654a7560d634c220e8f20f6fbd80c88e681,True,True,True,True
feature,coder__code-server-5633,coder/code-server,11,890bb8124da5db70c029e596de5f6201aa37f52b87072a1ef1f1b53f9a342448,861d824eb508fe2ceb51912a73f0616b31c73d294d5f4cc54ebb9e866977f142,890bb8124da5db70c029e596de5f6201aa37f52b87072a1ef1f1b53f9a342448,861d824eb508fe2ceb51912a73f0616b31c73d294d5f4cc54ebb9e866977f142,True,True,True,True
feature,coder__code-server-6115,coder/code-server,11,0cbc7dbe1ddc757381bae54b9a55a8e6ad1d8b23aeb0ea900e12c37f10e41176,061c3ea4d4469358da16e7e53e18206cdf294b337f41a6029f5bdd867f1ed6a7,0cbc7dbe1ddc757381bae54b9a55a8e6ad1d8b23aeb0ea900e12c37f10e41176,061c3ea4d4469358da16e7e53e18206cdf294b337f41a6029f5bdd867f1ed6a7,True,True,True,True
feature,coder__code-server-6225,coder/code-server,11,cb38913e7010850efff8abf00c0d891a30db21983bce87df91ad34e32bade718,b19c4753af051c8404670a386d27f4e629398e9e9c0a932edb4323cbba0f26b0,cb38913e7010850efff8abf00c0d891a30db21983bce87df91ad34e32bade718,46a84f991a698cb7555f00158eaebf45f66a55c4599a336da404e3076043320a,True,True,True,False
feature,coder__code-server-6423,coder/code-server,11,31758bc2d27175c289263be98e430740839f13b8b81cf702caa2d9ecb6e45550,b05553b0740536f94303093f4f8ba9c21b190af09d0be43582a4c01eb9163e0b,31758bc2d27175c289263be98e430740839f13b8b81cf702caa2d9ecb6e45550,b05553b0740536f94303093f4f8ba9c21b190af09d0be43582a4c01eb9163e0b,True,True,True,True
feature,huggingface__transformers-6744,huggingface/transformers,11,5b865e376c7382055c7b395e3839a9831dead8f07d6209b944087f24522f4451,ccfc4b6e1ae34b0b0a2133673be639a3f265c28f099e38d256a18e088345ac26,5b865e376c7382055c7b395e3839a9831dead8f07d6209b944087f24522f4451,f5317fb36e69da240e8f569a99e3c33b999ff21177e58570a3d8872424ca8ac5,True,True,True,False
feature,huggingface__transformers-7562,huggingface/transformers,11,b7dbca32860140a11b52c49cb739579b1678e82d6dcc999c3db40621bedada36,7f887516bd9667a72625a877f33bb5b5ac7273e557074432ee3b6d8ae45ec7ee,b7dbca32860140a11b52c49cb739579b1678e82d6dcc999c3db40621bedada36,7f887516bd9667a72625a877f33bb5b5ac7273e557074432ee3b6d8ae45ec7ee,True,True,True,True
feature,huggingface__transformers-13573,huggingface/transformers,11,dca10adb76dedf66cd589aed469b10a3dc6ef77211ab7e6b01eb2877cb50ce4e,50af7de74cc65ba04d18ade9b711c6911f747be4c4e5315ee308f19e4adbbe9c,dca10adb76dedf66cd589aed469b10a3dc6ef77211ab7e6b01eb2877cb50ce4e,50af7de74cc65ba04d18ade9b711c6911f747be4c4e5315ee308f19e4adbbe9c,True,True,True,True
feature,huggingface__transformers-13989,huggingface/transformers,11,1976058974b18ed8749b926b5779759cc6f028fe4a8981ddde9fde484bece20d,6300d50d0412abb7799acc3f6ec0718c7b3d3f32d8f7d2a36be8152eabc4282c,1976058974b18ed8749b926b5779759cc6f028fe4a8981ddde9fde484bece20d,6300d50d0412abb7799acc3f6ec0718c7b3d3f32d8f7d2a36be8152eabc4282c,True,True,True,True
feature,huggingface__transformers-15473,huggingface/transformers,11,4890da98b6fd3f8b9058957f639396feeda5a19be981074851b0387b7132651b,d6a942727431c4f2836b082d8efa5ea8ed04fab61648eea2752b2029b38997c3,4890da98b6fd3f8b9058957f639396feeda5a19be981074851b0387b7132651b,d6a942727431c4f2836b082d8efa5ea8ed04fab61648eea2752b2029b38997c3,True,True,True,True
feature,huggingface__transformers-15795,huggingface/transformers,11,1bd90639339ba5e4babb8936320cfbf762ac610a1b49a36dd4dc081e546deac8,18f05e04e080cfdbb5ccbcdfbea2465c83ad4a3dd972e43e8f011f2d550c2b36,1bd90639339ba5e4babb8936320cfbf762ac610a1b49a36dd4dc081e546deac8,18f05e04e080cfdbb5ccbcdfbea2465c83ad4a3dd972e43e8f011f2d550c2b36,True,True,True,True
feature,huggingface__transformers-15831,huggingface/transformers,11,0cbb084119122500b0219fa913b52af489cad18b1a56463ff2e5a7dea64089dd,aec3e385f12a3f276093ebab49b7c6f41e2df7f485b2f139e12f473d714b6fc3,0cbb084119122500b0219fa913b52af489cad18b1a56463ff2e5a7dea64089dd,aec3e385f12a3f276093ebab49b7c6f41e2df7f485b2f139e12f473d714b6fc3,True,True,True,True
feature,huggingface__transformers-15913,huggingface/transformers,11,2c8ec1251c442979b1cae624f49bf166c7de7bda1c2d0475c7b5f88c8936762a,e3b1b892414d5cd6727879dedce037801a02e4ad4a4bee82343e907b1122b714,2c8ec1251c442979b1cae624f49bf166c7de7bda1c2d0475c7b5f88c8936762a,e3b1b892414d5cd6727879dedce037801a02e4ad4a4bee82343e907b1122b714,True,True,True,True
feature,huggingface__transformers-19219,huggingface/transformers,11,0db792905a822f81080a10c74e210ed8a8d4cbd9fd622b5fd705a3b6e3a71fbc,5a64a76b97dc9f4283fea227e099e02e4d71176b46e774ff5f9240f091f4c2ae,0db792905a822f81080a10c74e210ed8a8d4cbd9fd622b5fd705a3b6e3a71fbc,5a64a76b97dc9f4283fea227e099e02e4d71176b46e774ff5f9240f091f4c2ae,True,True,True,True
feature,huggingface__transformers-19590,huggingface/transformers,11,d13f6d7314d161f1fd3f713455c778e32df09032865da038d94f04ab2f448a36,e135c2b0ae510d27e9a53ec8622321173fe97cd48aec1d89eff8e02011f2a239,d13f6d7314d161f1fd3f713455c778e32df09032865da038d94f04ab2f448a36,e135c2b0ae510d27e9a53ec8622321173fe97cd48aec1d89eff8e02011f2a239,True,True,True,True
feature,huggingface__transformers-20136,huggingface/transformers,11,3d1a0a45a9a7f521317b29df4c2e5c4ee8b9b65735539e0d48592234f6b95251,6b9ae6008928e80e2768794b16e430460be9f1de6bc392de7afb9b7068338166,3d1a0a45a9a7f521317b29df4c2e5c4ee8b9b65735539e0d48592234f6b95251,6b9ae6008928e80e2768794b16e430460be9f1de6bc392de7afb9b7068338166,True,True,True,True
feature,huggingface__transformers-20136,huggingface/transformers,29,9df66f0579a225454880356e682da722f98a1632b54a9745a86e7fb98a91d96d,6b9ae6008928e80e2768794b16e430460be9f1de6bc392de7afb9b7068338166,9df66f0579a225454880356e682da722f98a1632b54a9745a86e7fb98a91d96d,6b9ae6008928e80e2768794b16e430460be9f1de6bc392de7afb9b7068338166,True,True,True,True
feature,huggingface__transformers-20136,huggingface/transformers,47,6991cc6362c0a3f9d36dd310cfc56dad808322f5f380a86e85b20f797bdeb83b,6b9ae6008928e80e2768794b16e430460be9f1de6bc392de7afb9b7068338166,6991cc6362c0a3f9d36dd310cfc56dad808322f5f380a86e85b20f797bdeb83b,6b9ae6008928e80e2768794b16e430460be9f1de6bc392de7afb9b7068338166,True,True,True,True
feature,huggingface__transformers-21345,huggingface/transformers,11,b965f0eb2f3ed5d5660c70e596de4494c6531e08708c4ab8640412cb7356394c,8d7a75a8bffa97ad3be1798365bbeb22b843798ab0258347d066ae9bfd546ef9,b965f0eb2f3ed5d5660c70e596de4494c6531e08708c4ab8640412cb7356394c,8d7a75a8bffa97ad3be1798365bbeb22b843798ab0258347d066ae9bfd546ef9,True,True,True,True
feature,huggingface__transformers-21768,huggingface/transformers,11,289ad683433c100a3ca33f4b21cc943a24edefe25d670b244e63ae3089eb06e0,0dd4f44518f45f1aac0a03429948f84212786a415648478b47b13242eba0ad9c,289ad683433c100a3ca33f4b21cc943a24edefe25d670b244e63ae3089eb06e0,0dd4f44518f45f1aac0a03429948f84212786a415648478b47b13242eba0ad9c,True,True,True,True
feature,huggingface__transformers-23126,huggingface/transformers,11,dab42c0a4843a7e4a026e9939ab18cb719881dbd3faf8d8801ff5d2fa3915d8f,993b30e0e3536564c56f002b43873321da062f60bfc25b017bcf91aaade7cae1,dab42c0a4843a7e4a026e9939ab18cb719881dbd3faf8d8801ff5d2fa3915d8f,993b30e0e3536564c56f002b43873321da062f60bfc25b017bcf91aaade7cae1,True,True,True,True
feature,huggingface__transformers-24510,huggingface/transformers,11,dfd507d06cb8259962864dbb0cf5f7073ce3c2541f65997423df1991647415b3,116ce8d42606740871b8eb0f3bb4e8f83d56510d60fa61a57474529643336180,dfd507d06cb8259962864dbb0cf5f7073ce3c2541f65997423df1991647415b3,116ce8d42606740871b8eb0f3bb4e8f83d56510d60fa61a57474529643336180,True,True,True,True
feature,huggingface__transformers-24510,huggingface/transformers,29,386115b0a8f7df5b1c9d52b8b80845b7c269c9062012d5096896783546ea6625,116ce8d42606740871b8eb0f3bb4e8f83d56510d60fa61a57474529643336180,386115b0a8f7df5b1c9d52b8b80845b7c269c9062012d5096896783546ea6625,116ce8d42606740871b8eb0f3bb4e8f83d56510d60fa61a57474529643336180,True,True,True,True
feature,huggingface__transformers-24510,huggingface/transformers,47,cf5a1a88397969d762517fbf1b489033dfe6c2862996554164006244fad07ccc,116ce8d42606740871b8eb0f3bb4e8f83d56510d60fa61a57474529643336180,cf5a1a88397969d762517fbf1b489033dfe6c2862996554164006244fad07ccc,116ce8d42606740871b8eb0f3bb4e8f83d56510d60fa61a57474529643336180,True,True,True,True
feature,huggingface__transformers-26386,huggingface/transformers,11,e3e4ccd901639c159416ce014e23ad57c26d05cb6e1587955b75a02adb0b2d44,5e28239926cadc2a437d4f05d9b6eca3b22e396713cf3f832ecc91046b307e45,e3e4ccd901639c159416ce014e23ad57c26d05cb6e1587955b75a02adb0b2d44,5e28239926cadc2a437d4f05d9b6eca3b22e396713cf3f832ecc91046b307e45,True,True,True,True
feature,huggingface__transformers-26568,huggingface/transformers,11,4b4a22f33d04acf4efb994cce12e0811d7d6ef1b432235cf52e1c4e1922e7544,f7d1477b00cba8132d7156b2c168d1c4f38bea90f34437d74b336e61558cfd42,4b4a22f33d04acf4efb994cce12e0811d7d6ef1b432235cf52e1c4e1922e7544,f7d1477b00cba8132d7156b2c168d1c4f38bea90f34437d74b336e61558cfd42,True,True,True,True
feature,huggingface__transformers-27463,huggingface/transformers,11,d08fc2c6b204d2564d54856c51e72182647daa88e43319dc9ede3d9f53bd46b3,0726025afab1aff9b35fbf11c2f62f89e34573a7fd495f31a7d21f9f313e2959,d08fc2c6b204d2564d54856c51e72182647daa88e43319dc9ede3d9f53bd46b3,fe7fc782e33616a77322daa7197e2d1ab5094f6a31bfcd69ae8df7cc458942a1,True,True,True,False
feature,huggingface__transformers-27561,huggingface/transformers,11,47c325a40d65549b500a4f10b52cd089684aa65f035158b4d53a6236f8f42608,673fe192a8b55602b3b477825178fead6e2ba57211b60f2b93dd03af018732b3,47c325a40d65549b500a4f10b52cd089684aa65f035158b4d53a6236f8f42608,673fe192a8b55602b3b477825178fead6e2ba57211b60f2b93dd03af018732b3,True,True,True,True
feature,huggingface__transformers-27717,huggingface/transformers,11,8a5c25378f848ec64a68f20b132b12be253e32d139841be9eadaa1e0aba35ddd,dd9c3316aef5d9a9f223362fdcf2ece0bfb4b54ee04cd51c739f731b0a9ba47e,8a5c25378f848ec64a68f20b132b12be253e32d139841be9eadaa1e0aba35ddd,dd9c3316aef5d9a9f223362fdcf2ece0bfb4b54ee04cd51c739f731b0a9ba47e,True,True,True,True
feature,huggingface__transformers-28517,huggingface/transformers,11,e386a2df97fe276fd8ffe441552a26f8c5f8b049dfcf491f28f7e7dda90e5c35,dcb02b710666f05fdcd033aaee6f79b71e6f6cf333bda5c9a7a10ceaf73f7634,e386a2df97fe276fd8ffe441552a26f8c5f8b049dfcf491f28f7e7dda90e5c35,dcb02b710666f05fdcd033aaee6f79b71e6f6cf333bda5c9a7a10ceaf73f7634,True,True,True,True
feature,huggingface__transformers-28940,huggingface/transformers,11,ecca9c5f017d65505e29f627c565dcf60363ab1b4f0e489cef78c0c4a83e3ae4,3cb84b0cb6b7db624410243e2a4df8c1c2f4ce0d8270a8a1adfef605cffa3d9d,ecca9c5f017d65505e29f627c565dcf60363ab1b4f0e489cef78c0c4a83e3ae4,3cb84b0cb6b7db624410243e2a4df8c1c2f4ce0d8270a8a1adfef605cffa3d9d,True,True,True,True
feature,huggingface__transformers-29589,huggingface/transformers,11,89fba20baf311774e91330bb75a8f09921a35a66e6618231de591a5450296459,f9bfa11845036b054895978e2544abc9d6ee813d83ed5ab853d62003a49f6b31,89fba20baf311774e91330bb75a8f09921a35a66e6618231de591a5450296459,f9bfa11845036b054895978e2544abc9d6ee813d83ed5ab853d62003a49f6b31,True,True,True,True
feature,huggingface__transformers-29688,huggingface/transformers,11,efc2d95dc990189bee2a6b6ed50b77e3e25a927ad9d08cf3766ac53cc1b9f175,621a7068cc004881bbbb5875f34f75250826109f5417a213c23c5558ea54bdb0,efc2d95dc990189bee2a6b6ed50b77e3e25a927ad9d08cf3766ac53cc1b9f175,621a7068cc004881bbbb5875f34f75250826109f5417a213c23c5558ea54bdb0,True,True,True,True
feature,huggingface__transformers-29838,huggingface/transformers,11,64d63552572c723a73e26f99cda8c6b03058aebcf64d168401b40756d386c3a5,900bb9225f6b3c2dce5e30ef5ed4267e7f1a19f718bec036c770e700808c1bf2,64d63552572c723a73e26f99cda8c6b03058aebcf64d168401b40756d386c3a5,900bb9225f6b3c2dce5e30ef5ed4267e7f1a19f718bec036c770e700808c1bf2,True,True,True,True
feature,huggingface__transformers-31095,huggingface/transformers,11,edd510f84abf9cc08173ca50d47efbea194dd9207a0a4be3d5cd86a7dd74d23e,218fcb0be53c3b325c6f663fe652c295ff192043bfb5a4918c2ca6020141c32d,edd510f84abf9cc08173ca50d47efbea194dd9207a0a4be3d5cd86a7dd74d23e,218fcb0be53c3b325c6f663fe652c295ff192043bfb5a4918c2ca6020141c32d,True,True,True,True
feature,huggingface__transformers-31247,huggingface/transformers,11,3f79748cddba8a887cd12001e4becf67b9a421c9517c7b19de3d9d73bacd3700,a7a6d5c62589e7c8ee2f7259a0b40ce800e36d392ff8ba8ddaf1feda86058374,3f79748cddba8a887cd12001e4becf67b9a421c9517c7b19de3d9d73bacd3700,a7a6d5c62589e7c8ee2f7259a0b40ce800e36d392ff8ba8ddaf1feda86058374,True,True,True,True
feature,langchain-ai__langchain-5450,langchain-ai/langchain,11,4c4f4b943ba6d7493d3fb6cf5c7c98f76fe4d61eb9483135d79d215cba406349,48184de073da0108c658d8a4d422fe95dab2c9678c7d6b82913537c82818d9a0,4c4f4b943ba6d7493d3fb6cf5c7c98f76fe4d61eb9483135d79d215cba406349,48184de073da0108c658d8a4d422fe95dab2c9678c7d6b82913537c82818d9a0,True,True,True,True
feature,langchain-ai__langchain-5450,langchain-ai/langchain,29,1fccc70a57c7982dfb3eb552fe1dc5d14aceab0e240686999d6a5b0862e1ce64,48184de073da0108c658d8a4d422fe95dab2c9678c7d6b82913537c82818d9a0,1fccc70a57c7982dfb3eb552fe1dc5d14aceab0e240686999d6a5b0862e1ce64,48184de073da0108c658d8a4d422fe95dab2c9678c7d6b82913537c82818d9a0,True,True,True,True
feature,langchain-ai__langchain-5450,langchain-ai/langchain,47,1c918db19a13a85cefde14ffe792ddbeff9a0eea4a2a510159c1fc5b7c7ddec1,48184de073da0108c658d8a4d422fe95dab2c9678c7d6b82913537c82818d9a0,1c918db19a13a85cefde14ffe792ddbeff9a0eea4a2a510159c1fc5b7c7ddec1,48184de073da0108c658d8a4d422fe95dab2c9678c7d6b82913537c82818d9a0,True,True,True,True
feature,langchain-ai__langchain-19331,langchain-ai/langchain,11,147d8e8709ed9652c11ec4c3318cb0483b67d7c0217cb877290762a2f56a1f23,bb20118dc74134dc93a3a4c0b8e0bbffac23e5b6c04b89497517471daa172527,147d8e8709ed9652c11ec4c3318cb0483b67d7c0217cb877290762a2f56a1f23,bb20118dc74134dc93a3a4c0b8e0bbffac23e5b6c04b89497517471daa172527,True,True,True,True
feature,langchain-ai__langchain-19331,langchain-ai/langchain,29,2b0fb650b5b3857399ded4464f36da16f09ef8d5a6424debb676a3a89766ef8e,bb20118dc74134dc93a3a4c0b8e0bbffac23e5b6c04b89497517471daa172527,2b0fb650b5b3857399ded4464f36da16f09ef8d5a6424debb676a3a89766ef8e,bb20118dc74134dc93a3a4c0b8e0bbffac23e5b6c04b89497517471daa172527,True,True,True,True
feature,langchain-ai__langchain-19331,langchain-ai/langchain,47,f6989887afa328bd60c4b487020c224ad9449945f27663ad9fae9f2a8b0cbe5d,bb20118dc74134dc93a3a4c0b8e0bbffac23e5b6c04b89497517471daa172527,f6989887afa328bd60c4b487020c224ad9449945f27663ad9fae9f2a8b0cbe5d,bb20118dc74134dc93a3a4c0b8e0bbffac23e5b6c04b89497517471daa172527,True,True,True,True
feature,yt-dlp__yt-dlp-1649,yt-dlp/yt-dlp,11,760dde953b60734b38621c138736c53c84404db3ede1835ec427d157615e0c45,433aa76778dacef69e7703c19524494502b77e5532734f3024d6c6feefbe10ca,760dde953b60734b38621c138736c53c84404db3ede1835ec427d157615e0c45,433aa76778dacef69e7703c19524494502b77e5532734f3024d6c6feefbe10ca,True,True,True,True
feature,yt-dlp__yt-dlp-3435,yt-dlp/yt-dlp,11,fea1495aea753ccd4d4bcf3342f9de6552a9c4a8435836e53f0254f61f2f5db9,ec34fdf0ef322e6b3212138aec901d9558fb79eb411909085a81092ad78c1a9a,fea1495aea753ccd4d4bcf3342f9de6552a9c4a8435836e53f0254f61f2f5db9,ec34fdf0ef322e6b3212138aec901d9558fb79eb411909085a81092ad78c1a9a,True,True,True,True
feature,yt-dlp__yt-dlp-3435,yt-dlp/yt-dlp,29,83a644817e2c3f1a3c51cedc3285b3a6d2abd1046ea15d3f28ba284f4a67e4f6,ec34fdf0ef322e6b3212138aec901d9558fb79eb411909085a81092ad78c1a9a,83a644817e2c3f1a3c51cedc3285b3a6d2abd1046ea15d3f28ba284f4a67e4f6,ec34fdf0ef322e6b3212138aec901d9558fb79eb411909085a81092ad78c1a9a,True,True,True,True
feature,yt-dlp__yt-dlp-3435,yt-dlp/yt-dlp,47,adc3b8104eb160be091cf3e585c22e39ed6981c818d4da2167f215970c2ed5c9,ec34fdf0ef322e6b3212138aec901d9558fb79eb411909085a81092ad78c1a9a,adc3b8104eb160be091cf3e585c22e39ed6981c818d4da2167f215970c2ed5c9,ec34fdf0ef322e6b3212138aec901d9558fb79eb411909085a81092ad78c1a9a,True,True,True,True
feature,yt-dlp__yt-dlp-4524,yt-dlp/yt-dlp,11,47fa8f64eafbcce797be6948406f2d0c8138697f346de2e3d2148ff3f5b5d347,705e38ff2a7afb8958305816122194e6ab795c9bd4d5cbef7b62943eaf9227b4,47fa8f64eafbcce797be6948406f2d0c8138697f346de2e3d2148ff3f5b5d347,b1279575b656d1f6ea0078a3df9b7d60dee7d92587599930fa5922b60af1dcd7,True,True,True,False
feature,yt-dlp__yt-dlp-8917,yt-dlp/yt-dlp,11,53c47587efa4193d250a4802f55927929e2093c5ad974f58a88bb34d2a1916dc,7c8d313554962775babe4c977c4cd1f794e3479b5c76c666690571f4319d2a1b,53c47587efa4193d250a4802f55927929e2093c5ad974f58a88bb34d2a1916dc,7c8d313554962775babe4c977c4cd1f794e3479b5c76c666690571f4319d2a1b,True,True,True,True
feature,yt-dlp__yt-dlp-8917,yt-dlp/yt-dlp,29,fffbbaf9b3d9e1c9c09172947733ac7f75ec69e3a8b1ab9f4cd0a5c10a410822,7c8d313554962775babe4c977c4cd1f794e3479b5c76c666690571f4319d2a1b,fffbbaf9b3d9e1c9c09172947733ac7f75ec69e3a8b1ab9f4cd0a5c10a410822,7c8d313554962775babe4c977c4cd1f794e3479b5c76c666690571f4319d2a1b,True,True,True,True
feature,yt-dlp__yt-dlp-8917,yt-dlp/yt-dlp,47,14145fde9bc322255306e55018bff2d75ee10b1109671129a94d7c24c9574cb6,7c8d313554962775babe4c977c4cd1f794e3479b5c76c666690571f4319d2a1b,14145fde9bc322255306e55018bff2d75ee10b1109671129a94d7c24c9574cb6,7c8d313554962775babe4c977c4cd1f794e3479b5c76c666690571f4319d2a1b,True,True,True,True
feature,keras-team__keras-3907,keras-team/keras,11,f24cf7a5fa39e7f7d4df37448024659aac92ac7e3c7e982b0f06173b659b737b,4772c878ff4047b5600371c3bd641e7a2eee0ce7d1848642ca040d64d71fc4bf,f24cf7a5fa39e7f7d4df37448024659aac92ac7e3c7e982b0f06173b659b737b,4772c878ff4047b5600371c3bd641e7a2eee0ce7d1848642ca040d64d71fc4bf,True,True,True,True
feature,keras-team__keras-3907,keras-team/keras,29,de736112285ed8cc2742d1e4798024a63c6d707090c379c28fb8e7782a638b0b,4772c878ff4047b5600371c3bd641e7a2eee0ce7d1848642ca040d64d71fc4bf,de736112285ed8cc2742d1e4798024a63c6d707090c379c28fb8e7782a638b0b,4772c878ff4047b5600371c3bd641e7a2eee0ce7d1848642ca040d64d71fc4bf,True,True,True,True
feature,keras-team__keras-3907,keras-team/keras,47,3d45c6d8e9ff88b21ac8205592bfb169bce1335556b4124a32489c85af38fa9d,4772c878ff4047b5600371c3bd641e7a2eee0ce7d1848642ca040d64d71fc4bf,3d45c6d8e9ff88b21ac8205592bfb169bce1335556b4124a32489c85af38fa9d,4772c878ff4047b5600371c3bd641e7a2eee0ce7d1848642ca040d64d71fc4bf,True,True,True,True
feature,keras-team__keras-3983,keras-team/keras,11,d2a4532eb1040c679351bd723d007c2d25de5d6e5d14ae8547ad77f349029b9b,715fa076d0a416f0d39f2b604ee653fb09334e10dfaa14231c7fc2a4d386b720,d2a4532eb1040c679351bd723d007c2d25de5d6e5d14ae8547ad77f349029b9b,46c1a962042b049900cdfd321c4958fd22f40d5d8f9ec47ee761d323debdb6ea,True,True,True,False
feature,keras-team__keras-3983,keras-team/keras,29,18c50503cf847f6ecd004951c7bca0a0c64f72a59989c33e9ccd4289b1048afc,46c1a962042b049900cdfd321c4958fd22f40d5d8f9ec47ee761d323debdb6ea,18c50503cf847f6ecd004951c7bca0a0c64f72a59989c33e9ccd4289b1048afc,46c1a962042b049900cdfd321c4958fd22f40d5d8f9ec47ee761d323debdb6ea,True,True,True,True
feature,keras-team__keras-3983,keras-team/keras,47,646451ac9e3d69afd882aa2db7fed6f0a74c86a6b54f462ec1d84993342ba6ce,46c1a962042b049900cdfd321c4958fd22f40d5d8f9ec47ee761d323debdb6ea,646451ac9e3d69afd882aa2db7fed6f0a74c86a6b54f462ec1d84993342ba6ce,46c1a962042b049900cdfd321c4958fd22f40d5d8f9ec47ee761d323debdb6ea,True,True,True,True
feature,keras-team__keras-18649,keras-team/keras,11,7ceca9a618ddc1fc593d9e21c2481cb80d22a1584a4e371fb346408437a283a0,38cee4b74c1b5a7357492da887b8a4e82db34106818651c6a77d6a50678585fb,7ceca9a618ddc1fc593d9e21c2481cb80d22a1584a4e371fb346408437a283a0,38cee4b74c1b5a7357492da887b8a4e82db34106818651c6a77d6a50678585fb,True,True,True,True
feature,keras-team__keras-18852,keras-team/keras,11,39ff78c08927e8a06a2c6d2fa06b55965b923ecb47d48aba0843063eba57ac2b,8c150f94c7a413f4cba63831269395f463822279bb1b9593dcaf7a045671bcab,39ff78c08927e8a06a2c6d2fa06b55965b923ecb47d48aba0843063eba57ac2b,8c150f94c7a413f4cba63831269395f463822279bb1b9593dcaf7a045671bcab,True,True,True,True
feature,keras-team__keras-19903,keras-team/keras,11,46f5e243ba412469622f1558f1e7bfed0e83fbd174378761e6c1c0cf6a19eeb8,936b3eaeba31d00809512ef82958d4e5ace3e274b98bd2b6d15cadfc52970f1e,46f5e243ba412469622f1558f1e7bfed0e83fbd174378761e6c1c0cf6a19eeb8,936b3eaeba31d00809512ef82958d4e5ace3e274b98bd2b6d15cadfc52970f1e,True,True,True,True
external,oemof__tespy-921,oemof/tespy,11,937c848c8ab9b3208915fd15a1ddf34b6f4d7bae0a56eef506042a38293edcc0,42a394c36922317b8fd8adaa62a003fd3d1185ef289b2f01ca14fb23d23ef31a,937c848c8ab9b3208915fd15a1ddf34b6f4d7bae0a56eef506042a38293edcc0,42a394c36922317b8fd8adaa62a003fd3d1185ef289b2f01ca14fb23d23ef31a,True,True,True,True
external,hkuds__openharness-217,HKUDS/OpenHarness,11,04bb9083ba1a6cad7c0060666ec4e8862970ab412a2c12a0676ea48f83156713,81a4d678b4f3abfd946c8789e743725315716f162ea6190e624279643b424503,04bb9083ba1a6cad7c0060666ec4e8862970ab412a2c12a0676ea48f83156713,81a4d678b4f3abfd946c8789e743725315716f162ea6190e624279643b424503,True,True,True,True
external,itsdnns__docsight-437,itsDNNS/docsight,11,5eccab6b88c416ff07c4c1f201a889676f46d0311b80f18995d99b896280e7fb,33948fbbba0242ecefa43c3b8800acbe39fd98889028bf5aa8a80959a205a152,5eccab6b88c416ff07c4c1f201a889676f46d0311b80f18995d99b896280e7fb,33948fbbba0242ecefa43c3b8800acbe39fd98889028bf5aa8a80959a205a152,True,True,True,True
external,youssofal__mtplx-21,youssofal/MTPLX,11,6ba97fe9db74d56419f2caa11b9382fd9e01563b574a55a6794d42a052c0f54b,efda8cbac4f734c363b6f955b040d04291eba9aeae597311278b130b4772c2cc,6ba97fe9db74d56419f2caa11b9382fd9e01563b574a55a6794d42a052c0f54b,efda8cbac4f734c363b6f955b040d04291eba9aeae597311278b130b4772c2cc,True,True,True,True
external,meltano__meltano-9929,meltano/meltano,11,5398df5e9f77503644104086828c8f6a7eda504ce6e727c19109c827edc89bfb,20225e954b25ccab175990a70fbc1ff115fd017e7234261fe94bca02da708d36,5398df5e9f77503644104086828c8f6a7eda504ce6e727c19109c827edc89bfb,20225e954b25ccab175990a70fbc1ff115fd017e7234261fe94bca02da708d36,True,True,True,True
external,pgmpy__pgmpy-3137,pgmpy/pgmpy,11,85e6c781deb47007f36a6e79db2d18bad4a2dc17f3875cabbe57fae5116c7947,5d75d9887778f61c8318e0daff855bfbf9baa6af51f902e01fa11508e35e7280,85e6c781deb47007f36a6e79db2d18bad4a2dc17f3875cabbe57fae5116c7947,5d75d9887778f61c8318e0daff855bfbf9baa6af51f902e01fa11508e35e7280,True,True,True,True
external,tox-dev__tox-3904,tox-dev/tox,11,9071cfd32bf9ae74e9c6ca9595311da43c8f89c590c0494062c1c7c9131e3e7d,7a4e90d7bc222916472f13f5493ca1044cdb8ea64a34635ee7b3d9afafd0ae2c,9071cfd32bf9ae74e9c6ca9595311da43c8f89c590c0494062c1c7c9131e3e7d,98754705ef208c6c1b9da2ca4d27265d0c2efb5a81db2efa48d05143a32d0a5a,True,True,True,False
external,tobymao__sqlglot-7457,tobymao/sqlglot,11,9f34099f178a93ce86ceec1d46dbeedbe2f7aa8065e263db1a22cf8b6c4eea39,32a20b37f9f300b5ca062375835d5f5817e52680e437340036ee0ef3897ce8ce,9f34099f178a93ce86ceec1d46dbeedbe2f7aa8065e263db1a22cf8b6c4eea39,32a20b37f9f300b5ca062375835d5f5817e52680e437340036ee0ef3897ce8ce,True,True,True,True
external,tox-dev__tox-3931,tox-dev/tox,11,c36ba15c73af6ff03e72d2d2f0fcebc16bb83d54b9cec683c5587fed3b15b9b7,680f93c75fcca3aaf9bcb283b045433041f1190412db8ccdac483668eea83578,c36ba15c73af6ff03e72d2d2f0fcebc16bb83d54b9cec683c5587fed3b15b9b7,680f93c75fcca3aaf9bcb283b045433041f1190412db8ccdac483668eea83578,True,True,True,True
external,scikit-learn__scikit-learn-33565,scikit-learn/scikit-learn,11,60f115cacf1d585cf54906e0e9e311598788d13d2f2c7da7b1f54f81d90ab0db,3b60b7378131084e21d5f97c9749ebfe717e88ccbe72235917253266a55bd4d8,60f115cacf1d585cf54906e0e9e311598788d13d2f2c7da7b1f54f81d90ab0db,3b60b7378131084e21d5f97c9749ebfe717e88ccbe72235917253266a55bd4d8,True,True,True,True
external,koxudaxi__datamodel-code-generator-3070,koxudaxi/datamodel-code-generator,11,3b37bf618a2226dbed19ba86ef8c2b939870166a264f11dc78496690bfa87804,15703dfd96f2709eccb9dd14827c6eb7a74c8310b3b39512ed6b72fa852d983b,3b37bf618a2226dbed19ba86ef8c2b939870166a264f11dc78496690bfa87804,15703dfd96f2709eccb9dd14827c6eb7a74c8310b3b39512ed6b72fa852d983b,True,True,True,True
external,schemathesis__schemathesis-3933,schemathesis/schemathesis,11,347d42d57af1ed8d99d047943206ee9c88257af057dbc58ce4ccf1a6af9dcfab,a48b2a577b00af06641f3f8660d060e57c05f6846b9827bded6af261ba8aa078,347d42d57af1ed8d99d047943206ee9c88257af057dbc58ce4ccf1a6af9dcfab,ee7a65e112496adcf235e9a3b9af525f02d0f9e5b532d6a51b5fcbf3bc128867,True,True,True,False
external,alibaba__opensandbox-816,alibaba/OpenSandbox,11,cbfc9e7a8ec452907eaf536548edfb836836304b2b3f6daae46350ee92c2e4b3,a4e39b0cd88db8fcdbd37fdc7ba202475b4060fcceaf08541df51a0907f7c16f,cbfc9e7a8ec452907eaf536548edfb836836304b2b3f6daae46350ee92c2e4b3,03f27c7144847a368bea9d3340093a6ffe5c532c85326212def88f3bce9c9512,True,True,True,False
external,pdm-project__pdm-3759,pdm-project/pdm,11,cb003e4abac82964340b993d6699f52ead9b95b167ba906e70e94dbb068c99f4,ef462ca438eba14865162cb34208494841e042abd0f92c256db4e05aa5a7b98b,cb003e4abac82964340b993d6699f52ead9b95b167ba906e70e94dbb068c99f4,ef462ca438eba14865162cb34208494841e042abd0f92c256db4e05aa5a7b98b,True,True,True,True
external,graphistry__pygraphistry-1277,graphistry/pygraphistry,11,9ab99c25ef91039c46931b6f92731230741b1a5e917818810d7b1ae3063605b7,b5de6efff4df0c50bd74363afc604f84e17d14bfb1ae86fb0057b8b4d0652cc9,9ab99c25ef91039c46931b6f92731230741b1a5e917818810d7b1ae3063605b7,0fde961674b64724393a350c689997eeebbb3076e06e96ed16ca3b59ac06da58,True,True,True,False
external,holoviz__param-1117,holoviz/param,11,3451c6265bfce37041c1a38934bce56fab80feacf641460c0226263001a89add,92350b5253b4aad5f85fc81b3b7cfe5398be003f10fde517513cbabd08288e16,3451c6265bfce37041c1a38934bce56fab80feacf641460c0226263001a89add,2574e4e978dd8a5774b8e95065213c58158954707fcc607a72e421f35c1741d1,True,True,True,False
external,tobymao__sqlglot-7187,tobymao/sqlglot,11,873d89f0b7a439d1cbc024bc16ad465d4535ee3db64d5f556a2bdae9dcde487b,691905d66790c17c52f5176006a1478c7011d93f83dd2db9552143a928aeb68a,873d89f0b7a439d1cbc024bc16ad465d4535ee3db64d5f556a2bdae9dcde487b,691905d66790c17c52f5176006a1478c7011d93f83dd2db9552143a928aeb68a,True,True,True,True
external,cs-si__eodag-2176,CS-SI/eodag,11,90c99eca097412515737b3f6d6109131adbc47fa6367824ad04d8243ff269a14,2c60f3bc656b07d3df5b30a9900935149bd0c661ce5fb1c64b97f97b90d66a57,90c99eca097412515737b3f6d6109131adbc47fa6367824ad04d8243ff269a14,2c60f3bc656b07d3df5b30a9900935149bd0c661ce5fb1c64b97f97b90d66a57,True,True,True,True
external,psd-tools__psd-tools-593,psd-tools/psd-tools,11,ff658f70785ca8ba597155af325f41e94a707631f7fd980cc71e503dc7381770,e666933eae9c247b1a4cdb480d79631c68f9b79dfa5a631d7fe9b42739c187dd,ff658f70785ca8ba597155af325f41e94a707631f7fd980cc71e503dc7381770,e666933eae9c247b1a4cdb480d79631c68f9b79dfa5a631d7fe9b42739c187dd,True,True,True,True
external,getmoto__moto-9903,getmoto/moto,11,0f3f909caf065e5b0a216b06a26ed41fdf49b7067ddb2fc75a84cd006cae5152,777f94a8029059c1adefa982be8af7228183acdadd8ac8d3436b09fa0e40d84d,0f3f909caf065e5b0a216b06a26ed41fdf49b7067ddb2fc75a84cd006cae5152,777f94a8029059c1adefa982be8af7228183acdadd8ac8d3436b09fa0e40d84d,True,True,True,True
external,copier-org__copier-2646,copier-org/copier,11,28b4922a41e874fa449f0cf3ba882c8170d2f19984ca67733aed7f4d5bd9e357,979c52fcd61828cec1dee091be2060cd1f6add76c6b090c6e450a4a0894dedbe,28b4922a41e874fa449f0cf3ba882c8170d2f19984ca67733aed7f4d5bd9e357,839871f79af800c1ada032e4b46ba5504e89974ae13ebc6758c9d9f95885db6f,True,True,True,False
external,getmoto__moto-9841,getmoto/moto,11,19772252218d6c80f9bea994f5fc6bbed3e9966e7d6cc622170f3fa26ca6af32,b7c8fb3c8a310acc1ed2d556fdde52ab9864c8be87eb4cbcd47718ced7bcd50f,19772252218d6c80f9bea994f5fc6bbed3e9966e7d6cc622170f3fa26ca6af32,ea6b6d03f7e3355213f153fd614efa9fd84b1b454a2a4b86e0fd37b7049ac180,True,True,True,False
external,ultraplot__ultraplot-696,Ultraplot/UltraPlot,11,1f0af098659289991d5d147b1a937256cd0a9fa476c1974d1442afa34ffd2cd9,a73fe6c3fd8cf63e19c911b9bbff9556bcf4a12d837912d8344199e983869899,1f0af098659289991d5d147b1a937256cd0a9fa476c1974d1442afa34ffd2cd9,a73fe6c3fd8cf63e19c911b9bbff9556bcf4a12d837912d8344199e983869899,True,True,True,True
external,schemathesis__schemathesis-4087,schemathesis/schemathesis,11,4778e87a3f001b3cac3ae571f1e365dddcf29f7e5833f205490b1e306aa4a8f6,9c3261723a576226cc4bcb4dbe56dee5f98df9c51c2a74bb4653814e811287ee,4778e87a3f001b3cac3ae571f1e365dddcf29f7e5833f205490b1e306aa4a8f6,9c3261723a576226cc4bcb4dbe56dee5f98df9c51c2a74bb4653814e811287ee,True,True,True,True
