cohort,method,tasks,valid_rate,mean_returned_10,recall_1,precision_1,returned_precision_1,code_recall_1,test_recall_1,recall_3,precision_3,returned_precision_3,code_recall_3,test_recall_3,recall_5,precision_5,returned_precision_5,code_recall_5,test_recall_5,recall_10,precision_10,returned_precision_10,code_recall_10,test_recall_10,mrr_10,cluster_low,cluster_high
feature,coderank2048_pool100,184,1.0,10.0,0.0678236754187841,0.2608695652173913,0.2608695652173913,0.09154166500629683,0.03646031746031746,0.12250162729782295,0.1793478260869565,0.1793478260869565,0.14391193909887542,0.09782539682539682,0.14189862522742958,0.125,0.125,0.16498536517549844,0.11357142857142857,0.20641088681849554,0.09239130434782608,0.09239130434782608,0.24661983879366772,0.1626984126984127,0.3222588854382332,0.1449146549906711,0.27243044827431834
feature,coderank256_pool100,184,1.0,10.0,0.06951684939456679,0.28804347826086957,0.28804347826086957,0.08864325001549057,0.04407936507936508,0.17697969602860908,0.24818840579710144,0.24818840579710144,0.20312798945942706,0.14430158730158726,0.23268362977602108,0.1956521739130435,0.1956521739130435,0.264574653885547,0.18719047619047618,0.3038183615013858,0.13695652173913045,0.13695652173913045,0.33798454601178723,0.26722222222222225,0.39333376466528647,0.2252773511144475,0.386216046201056
feature,content_bm25,184,1.0,10.0,0.026733954451345757,0.10869565217391304,0.10869565217391304,0.04086921000284171,0.0,0.08618463360311186,0.11231884057971013,0.11231884057971013,0.11652102870133561,0.024,0.11554324298889516,0.09239130434782608,0.09239130434782608,0.1560307038088368,0.04304761904761905,0.1740313656753874,0.07228260869565217,0.07228260869565217,0.23143633150027013,0.06914285714285713,0.2021048999309869,0.11778527194179789,0.22819126990908
feature,dense_minilm,184,1.0,10.0,0.043794623251144985,0.17391304347826086,0.17391304347826086,0.0579057162009107,0.01955555555555556,0.09115508736432648,0.1394927536231884,0.1394927536231884,0.11186857518126868,0.06438095238095237,0.12733154526632787,0.11304347826086955,0.11304347826086955,0.14483743301425694,0.10361904761904761,0.1750459172470042,0.08532608695652175,0.08532608695652175,0.1939434031535088,0.14552380952380953,0.24984903381642512,0.10851435334724358,0.23636210093485246
feature,devstral-small-2:24b/content,184,1.0,7.385869565217392,0.17146893787159134,0.6195652173913043,0.6195652173913043,0.2793623038019996,0.023809523809523805,0.3029323883703679,0.3967391304347826,0.4139492753623188,0.3608396769265493,0.24295238095238095,0.3536152629694829,0.2956521739130435,0.3427536231884058,0.3919951953006537,0.32,0.38220119767274496,0.16847826086956522,0.2696363871635611,0.42183548301170126,0.34315873015873016,0.6611413043478261,0.2962892441948591,0.47429814037305057
feature,devstral-small-2:24b/paths,184,1.0,8.418478260869565,0.16605933167074471,0.5978260869565217,0.5978260869565217,0.2635626143610058,0.02857142857142857,0.30849019630909014,0.40217391304347827,0.40942028985507245,0.38583298660740106,0.2235238095238095,0.3614482708432516,0.3,0.3230072463768116,0.42490397417414844,0.29033333333333333,0.40109140016349093,0.17717391304347832,0.24356884057971015,0.4517078605911221,0.3420793650793651,0.6622800207039338,0.31738475528530086,0.4859876040751684
feature,hybrid_rrf,184,1.0,10.0,0.07063619502478198,0.27717391304347827,0.27717391304347827,0.10424016875423525,0.018603174603174604,0.15273340709801705,0.20289855072463767,0.20289855072463767,0.18965751852580495,0.09025396825396825,0.20011910413045325,0.16086956521739132,0.16086956521739132,0.2388769833462928,0.1433015873015873,0.2666821530983935,0.11630434782608695,0.11630434782608695,0.31073586538571735,0.19844444444444442,0.37525664251207724,0.17970924339655647,0.35028739419144567
feature,minilm256_pool100,184,1.0,10.0,0.043794623251144985,0.17391304347826086,0.17391304347826086,0.0579057162009107,0.01955555555555556,0.09115508736432648,0.1394927536231884,0.1394927536231884,0.11186857518126868,0.06438095238095237,0.12733154526632787,0.11304347826086955,0.11304347826086955,0.14483743301425694,0.10361904761904761,0.1750459172470042,0.08532608695652175,0.08532608695652175,0.1939434031535088,0.14552380952380953,0.24984903381642512,0.10851435334724358,0.23636210093485246
feature,navigation/repository,184,0.8913043478260869,7.054347826086956,0.19859997259773474,0.6521739130434783,0.6521739130434783,0.3258730243616332,0.009523809523809523,0.35070569367404403,0.4365942028985507,0.4655797101449275,0.4292032787548671,0.24075672173631354,0.40541811289733287,0.32282608695652176,0.3914855072463768,0.46957528597470044,0.3306086815678652,0.44488039879983615,0.1896739130434783,0.3099616114561767,0.5020003337530091,0.3716721736313573,0.7072679434092477,0.36557129750077605,0.5274473134292306
feature,navigation/restricted40,184,0.8913043478260869,6.809782608695652,0.1615552238682034,0.5706521739130435,0.5706521739130435,0.2584399489194044,0.020666666666666667,0.26625787699796655,0.3550724637681159,0.38586956521739124,0.3361173939953049,0.17882539682539683,0.2930944884541432,0.24891304347826085,0.3131340579710145,0.35435377717734023,0.21380952380952378,0.3147431152961843,0.14021739130434782,0.2509057971014493,0.37191512585281933,0.24325396825396825,0.6078416149068323,0.23661867751130639,0.3980067300445358
feature,path_bm25,184,1.0,10.0,0.02019927536231884,0.06521739130434782,0.06521739130434782,0.035507246376811595,0.0,0.0697075569358178,0.07971014492753623,0.07971014492753623,0.0937755481233742,0.04,0.10754018998903911,0.0782608695652174,0.0782608695652174,0.14252421793182662,0.06095238095238095,0.15728807646246903,0.057608695652173914,0.057608695652173914,0.19109591066827908,0.11714285714285715,0.1368422187715666,0.09435230268321278,0.22249143449376865
feature,qwen3-coder:30b/content,184,1.0,9.706521739130435,0.17729472289574588,0.625,0.625,0.2859252155279548,0.020952380952380955,0.29898440700390827,0.4094202898550725,0.41666666666666663,0.3753207169582186,0.20284126984126982,0.3485781684215188,0.3021739130434783,0.31666666666666665,0.4175655887818527,0.2641746031746032,0.39023579441658085,0.17989130434782613,0.2016304347826087,0.45067414156751545,0.31688888888888883,0.6704925810904072,0.31283377583523114,0.4654552742222204
feature,qwen3-coder:30b/paths,184,1.0,9.71195652173913,0.1641462349103014,0.5869565217391305,0.5869565217391305,0.2609834453416194,0.015714285714285715,0.29159166911164996,0.391304347826087,0.39945652173913043,0.3633981943259773,0.20533333333333337,0.3345109041640371,0.2858695652173913,0.3005434782608696,0.3982467534615368,0.25161904761904763,0.40383829849462843,0.18097826086956523,0.2016304347826087,0.4663673805255781,0.3163650793650794,0.6522925293305728,0.3125369833444741,0.49385261355048315
external,coderank2048_pool100,24,1.0,10.0,0.0462962962962963,0.16666666666666666,0.16666666666666666,0.04861111111111111,0.06818181818181818,0.09976851851851852,0.1111111111111111,0.1111111111111111,0.06944444444444445,0.18181818181818182,0.1439814814814815,0.10000000000000002,0.10000000000000002,0.06944444444444445,0.3106060606060606,0.23310185185185184,0.07916666666666666,0.07916666666666666,0.1875,0.3560606060606061,0.23229166666666665,0.10869290733421168,0.37053894927536224
external,coderank256_pool100,24,1.0,10.0,0.07407407407407407,0.25,0.25,0.06944444444444445,0.09090909090909091,0.12407407407407407,0.15277777777777776,0.15277777777777776,0.11805555555555554,0.1590909090909091,0.16805555555555554,0.125,0.125,0.17361111111111108,0.20454545454545456,0.32546296296296295,0.10000000000000002,0.10000000000000002,0.39722222222222214,0.25,0.3260416666666667,0.19285714285714284,0.47343448067632843
external,content_bm25,24,1.0,10.0,0.06944444444444443,0.16666666666666666,0.16666666666666666,0.08333333333333333,0.045454545454545456,0.2534722222222222,0.18055555555555555,0.18055555555555555,0.3541666666666667,0.13636363636363635,0.4041666666666666,0.20000000000000004,0.20000000000000004,0.5277777777777778,0.2727272727272727,0.5013888888888889,0.13333333333333333,0.13333333333333333,0.5972222222222222,0.38636363636363635,0.34761904761904755,0.3537878787878788,0.641025641025641
external,dense_minilm,24,1.0,10.0,0.09375,0.2916666666666667,0.2916666666666667,0.11805555555555554,0.11363636363636363,0.19907407407407404,0.18055555555555555,0.18055555555555555,0.20138888888888884,0.18181818181818182,0.224537037037037,0.125,0.125,0.20138888888888884,0.2424242424242424,0.32314814814814813,0.09166666666666667,0.09166666666666667,0.2986111111111111,0.356060606060606,0.3761904761904762,0.1968881642512077,0.45732348484848484
external,devstral-small-2:24b/content,24,1.0,6.875,0.3358796296296296,0.875,0.875,0.48055555555555557,0.11363636363636363,0.5430555555555556,0.4861111111111111,0.5138888888888888,0.5916666666666667,0.5151515151515151,0.5569444444444445,0.30000000000000004,0.36319444444444443,0.5916666666666667,0.5378787878787878,0.6171296296296297,0.1708333333333333,0.3118055555555555,0.6194444444444445,0.6212121212121212,0.9166666666666666,0.4917874396135265,0.7489920033670033
external,devstral-small-2:24b/paths,24,1.0,7.708333333333333,0.28032407407407406,0.75,0.75,0.3972222222222222,0.06818181818181818,0.5361111111111111,0.4861111111111111,0.4861111111111111,0.5291666666666667,0.5378787878787878,0.5824074074074074,0.325,0.34652777777777777,0.5430555555555555,0.6439393939393939,0.6136574074074074,0.1708333333333333,0.2548611111111111,0.5986111111111111,0.6439393939393939,0.84375,0.49978827160493833,0.7348484848484848
external,hybrid_rrf,24,1.0,10.0,0.1597222222222222,0.375,0.375,0.18055555555555555,0.11363636363636363,0.2685185185185185,0.23611111111111108,0.23611111111111108,0.32638888888888884,0.20454545454545456,0.3101851851851852,0.16666666666666666,0.16666666666666666,0.3611111111111111,0.25,0.5293981481481481,0.14583333333333334,0.14583333333333334,0.4930555555555555,0.5681818181818182,0.4872519841269842,0.38546875,0.6687522644927535
external,minilm256_pool100,24,1.0,10.0,0.09375,0.2916666666666667,0.2916666666666667,0.11805555555555554,0.11363636363636363,0.19907407407407404,0.18055555555555555,0.18055555555555555,0.20138888888888884,0.18181818181818182,0.224537037037037,0.125,0.125,0.20138888888888884,0.2424242424242424,0.32314814814814813,0.09166666666666667,0.09166666666666667,0.2986111111111111,0.356060606060606,0.3761904761904762,0.1968881642512077,0.45732348484848484
external,navigation/repository,24,0.9166666666666666,8.125,0.25949074074074074,0.75,0.75,0.41805555555555557,0.11363636363636363,0.5363425925925925,0.5,0.5277777777777778,0.5777777777777777,0.5681818181818182,0.5826388888888888,0.3333333333333333,0.3833333333333333,0.5847222222222223,0.6363636363636364,0.6567129629629629,0.19166666666666665,0.27499999999999997,0.6333333333333333,0.6969696969696969,0.8208333333333333,0.5277777777777778,0.7759999999999999
external,navigation/restricted40,24,0.8333333333333334,6.916666666666667,0.24560185185185182,0.7083333333333334,0.7083333333333334,0.425,0.06818181818181818,0.39606481481481487,0.38888888888888884,0.4166666666666667,0.47361111111111115,0.356060606060606,0.5395833333333333,0.30833333333333335,0.37013888888888885,0.5013888888888888,0.606060606060606,0.5986111111111111,0.17500000000000002,0.27847222222222223,0.5569444444444445,0.6742424242424242,0.7430555555555555,0.4435869565217391,0.7513920454545453
external,path_bm25,24,1.0,10.0,0.025462962962962965,0.125,0.125,0.015277777777777779,0.045454545454545456,0.05787037037037037,0.08333333333333333,0.08333333333333333,0.06388888888888888,0.045454545454545456,0.1446759259259259,0.08333333333333333,0.08333333333333333,0.20277777777777775,0.045454545454545456,0.30787037037037035,0.08333333333333333,0.08333333333333333,0.34861111111111115,0.25,0.2171626984126984,0.18106995884773663,0.45454545454545453
external,qwen3-coder:30b/content,24,1.0,9.333333333333334,0.3497685185185185,0.875,0.875,0.5555555555555555,0.06818181818181818,0.5256944444444445,0.47222222222222215,0.4930555555555555,0.6055555555555555,0.41666666666666663,0.5638888888888889,0.30833333333333335,0.3458333333333334,0.6194444444444445,0.4621212121212121,0.6622685185185185,0.18333333333333335,0.2333333333333333,0.6819444444444445,0.5757575757575757,0.9166666666666666,0.539916129898014,0.7909114959114959
external,qwen3-coder:30b/paths,24,1.0,9.458333333333334,0.26643518518518516,0.7083333333333334,0.7083333333333334,0.3972222222222222,0.045454545454545456,0.4875,0.4444444444444444,0.4583333333333333,0.5430555555555555,0.40151515151515144,0.5696759259259259,0.31666666666666665,0.3416666666666666,0.5916666666666667,0.553030303030303,0.680787037037037,0.19166666666666665,0.2333333333333333,0.6611111111111111,0.6666666666666666,0.8159722222222222,0.5583333333333333,0.798767361111111
