all_precision_at_10,all_recall_at_10,basename_all_recall_at_10,candidate_path_count,code_f1_at_5,code_precision_at_5,code_recall_at_10,code_recall_at_5,condition,elapsed_sec,gold_code_files,gold_test_files,language,model,parse_ok,predicted_code_files,predicted_test_files,repo,returncode,task_category,task_id,test_f1_at_5,test_precision_at_5,test_recall_at_10,test_recall_at_5
0.0,0.0,0.0,132,0.0,0.0,0.0,0.0,issue_only,3.981,1,1,Java,gemma3:4b,1,1,2,apache/dubbo,0,Feature,apache__dubbo-2750,0.0,0.0,0.0,0.0
0.0,0.0,0.0,132,0.0,0.0,0.0,0.0,issue_plus_inventory,3.314,1,1,Java,gemma3:4b,1,1,2,apache/dubbo,0,Feature,apache__dubbo-2750,0.0,0.0,0.0,0.0
0.0,0.0,0.0,132,0.0,0.0,0.0,0.0,issue_plus_hints,1.634,1,1,Java,gemma3:4b,1,1,2,apache/dubbo,0,Feature,apache__dubbo-2750,0.0,0.0,0.0,0.0
0.0,0.0,0.0,258,0.0,0.0,0.0,0.0,issue_only,1.238,1,1,Java,gemma3:4b,1,3,2,trinodb/trino,0,Feature,trinodb__trino-117,0.0,0.0,0.0,0.0
1.0,1.0,1.0,258,1.0,1.0,1.0,1.0,issue_plus_inventory,2.456,1,1,Java,gemma3:4b,1,1,1,trinodb/trino,0,Feature,trinodb__trino-117,1.0,1.0,1.0,1.0
1.0,1.0,1.0,258,1.0,1.0,1.0,1.0,issue_plus_hints,1.203,1,1,Java,gemma3:4b,1,1,1,trinodb/trino,0,Feature,trinodb__trino-117,1.0,1.0,1.0,1.0
0.5,0.25,0.25,258,0.5,1.0,0.3333333333333333,0.3333333333333333,issue_only,1.579,3,1,Java,gemma3:4b,1,1,1,trinodb/trino,0,Feature,trinodb__trino-741,0.0,0.0,0.0,0.0
1.0,0.5,0.5,258,0.5,1.0,0.3333333333333333,0.3333333333333333,issue_plus_inventory,3.016,3,1,Java,gemma3:4b,1,1,1,trinodb/trino,0,Feature,trinodb__trino-741,1.0,1.0,1.0,1.0
0.8,1.0,1.0,258,1.0,1.0,1.0,1.0,issue_plus_hints,2.505,3,1,Java,gemma3:4b,1,3,2,trinodb/trino,0,Feature,trinodb__trino-741,0.6666666666666666,0.5,1.0,1.0
0.0,0.0,0.0,258,0.0,0.0,0.0,0.0,issue_only,2.85,2,1,Java,gemma3:4b,1,5,5,trinodb/trino,0,Feature,trinodb__trino-748,0.0,0.0,0.0,0.0
0.6666666666666666,0.6666666666666666,0.6666666666666666,258,0.6666666666666666,1.0,0.5,0.5,issue_plus_inventory,2.928,2,1,Java,gemma3:4b,1,1,2,trinodb/trino,0,Feature,trinodb__trino-748,0.6666666666666666,0.5,1.0,1.0
1.0,0.6666666666666666,0.6666666666666666,258,0.6666666666666666,1.0,0.5,0.5,issue_plus_hints,1.421,2,1,Java,gemma3:4b,1,1,1,trinodb/trino,0,Feature,trinodb__trino-748,1.0,1.0,1.0,1.0
0.0,0.0,0.0,258,0.0,0.0,0.0,0.0,issue_only,1.464,5,2,Java,gemma3:4b,1,5,5,trinodb/trino,0,Feature,trinodb__trino-799,0.0,0.0,0.0,0.0
0.0,0.0,0.0,258,0.0,0.0,0.0,0.0,issue_plus_inventory,2.582,5,2,Java,gemma3:4b,1,1,2,trinodb/trino,0,Feature,trinodb__trino-799,0.0,0.0,0.0,0.0
0.0,0.0,0.0,258,0.0,0.0,0.0,0.0,issue_plus_hints,1.501,5,2,Java,gemma3:4b,1,1,2,trinodb/trino,0,Feature,trinodb__trino-799,0.0,0.0,0.0,0.0
0.0,0.0,0.0,258,0.0,0.0,0.0,0.0,issue_only,2.007,3,10,Java,gemma3:4b,1,5,5,trinodb/trino,0,Feature,trinodb__trino-1090,0.0,0.0,0.0,0.0
0.6666666666666666,0.15384615384615385,0.15384615384615385,258,0.0,0.0,0.0,0.0,issue_plus_inventory,3.112,3,10,Java,gemma3:4b,1,1,2,trinodb/trino,0,Feature,trinodb__trino-1090,0.33333333333333337,1.0,0.2,0.2
0.3333333333333333,0.07692307692307693,0.07692307692307693,258,0.0,0.0,0.0,0.0,issue_plus_hints,1.56,3,10,Java,gemma3:4b,1,1,2,trinodb/trino,0,Feature,trinodb__trino-1090,0.16666666666666669,0.5,0.1,0.1
0.0,0.0,0.0,258,0.0,0.0,0.0,0.0,issue_only,3.073,13,2,Java,gemma3:4b,1,5,5,trinodb/trino,0,Feature,trinodb__trino-1174,0.0,0.0,0.0,0.0
0.8,0.26666666666666666,0.26666666666666666,258,0.375,1.0,0.23076923076923078,0.23076923076923078,issue_plus_inventory,3.679,13,2,Java,gemma3:4b,1,3,2,trinodb/trino,0,Feature,trinodb__trino-1174,0.5,0.5,0.5,0.5
0.8,0.26666666666666666,0.26666666666666666,258,0.375,1.0,0.23076923076923078,0.23076923076923078,issue_plus_hints,2.068,13,2,Java,gemma3:4b,1,3,2,trinodb/trino,0,Feature,trinodb__trino-1174,0.5,0.5,0.5,0.5
0.0,0.0,0.0,258,0.0,0.0,0.0,0.0,issue_only,2.917,2,1,Java,gemma3:4b,1,5,5,trinodb/trino,0,Feature,trinodb__trino-1848,0.0,0.0,0.0,0.0
0.0,0.0,0.0,258,0.0,0.0,0.0,0.0,issue_plus_inventory,3.073,2,1,Java,gemma3:4b,1,1,2,trinodb/trino,0,Feature,trinodb__trino-1848,0.0,0.0,0.0,0.0
0.0,0.0,0.0,258,0.0,0.0,0.0,0.0,issue_plus_hints,1.531,2,1,Java,gemma3:4b,1,1,2,trinodb/trino,0,Feature,trinodb__trino-1848,0.0,0.0,0.0,0.0
0.0,0.0,0.0,258,0.0,0.0,0.0,0.0,issue_only,3.308,3,5,Java,gemma3:4b,1,5,5,trinodb/trino,0,Feature,trinodb__trino-1872,0.0,0.0,0.0,0.0
0.3333333333333333,0.125,0.125,258,0.0,0.0,0.0,0.0,issue_plus_inventory,3.257,3,5,Java,gemma3:4b,1,1,2,trinodb/trino,0,Feature,trinodb__trino-1872,0.28571428571428575,0.5,0.2,0.2
0.3333333333333333,0.125,0.125,258,0.0,0.0,0.0,0.0,issue_plus_hints,1.652,3,5,Java,gemma3:4b,1,1,2,trinodb/trino,0,Feature,trinodb__trino-1872,0.28571428571428575,0.5,0.2,0.2
0.0,0.0,0.0,258,0.0,0.0,0.0,0.0,issue_only,2.035,3,1,Java,gemma3:4b,1,1,1,trinodb/trino,0,Feature,trinodb__trino-3392,0.0,0.0,0.0,0.0
1.0,0.5,0.5,258,0.5,1.0,0.3333333333333333,0.3333333333333333,issue_plus_inventory,2.965,3,1,Java,gemma3:4b,1,1,1,trinodb/trino,0,Feature,trinodb__trino-3392,1.0,1.0,1.0,1.0
1.0,0.5,0.5,258,0.5,1.0,0.3333333333333333,0.3333333333333333,issue_plus_hints,1.266,3,1,Java,gemma3:4b,1,1,1,trinodb/trino,0,Feature,trinodb__trino-3392,1.0,1.0,1.0,1.0
0.0,0.0,0.0,258,0.0,0.0,0.0,0.0,issue_only,3.128,3,3,Java,gemma3:4b,1,5,5,trinodb/trino,0,Feature,trinodb__trino-3638,0.0,0.0,0.0,0.0
0.6666666666666666,0.3333333333333333,0.3333333333333333,258,0.5,1.0,0.3333333333333333,0.3333333333333333,issue_plus_inventory,3.1,3,3,Java,gemma3:4b,1,1,2,trinodb/trino,0,Feature,trinodb__trino-3638,0.4,0.5,0.3333333333333333,0.3333333333333333
0.5,0.16666666666666666,0.16666666666666666,258,0.5,1.0,0.3333333333333333,0.3333333333333333,issue_plus_hints,1.297,3,3,Java,gemma3:4b,1,1,1,trinodb/trino,0,Feature,trinodb__trino-3638,0.0,0.0,0.0,0.0
0.0,0.0,0.0,258,0.0,0.0,0.0,0.0,issue_only,2.519,3,1,Java,gemma3:4b,1,5,5,trinodb/trino,0,Feature,trinodb__trino-3771,0.0,0.0,0.0,0.0
0.0,0.0,0.0,258,0.0,0.0,0.0,0.0,issue_plus_inventory,3.106,3,1,Java,gemma3:4b,1,1,2,trinodb/trino,0,Feature,trinodb__trino-3771,0.0,0.0,0.0,0.0
0.0,0.0,0.0,258,0.0,0.0,0.0,0.0,issue_plus_hints,1.549,3,1,Java,gemma3:4b,1,1,2,trinodb/trino,0,Feature,trinodb__trino-3771,0.0,0.0,0.0,0.0
0.0,0.0,0.0,258,0.0,0.0,0.0,0.0,issue_only,3.691,2,2,Java,gemma3:4b,1,5,5,trinodb/trino,0,Feature,trinodb__trino-4458,0.0,0.0,0.0,0.0
0.5,0.25,0.5,258,0.6666666666666666,1.0,0.5,0.5,issue_plus_inventory,2.897,2,2,Java,gemma3:4b,1,1,1,trinodb/trino,0,Feature,trinodb__trino-4458,0.0,0.0,0.0,0.0
0.5,0.25,0.5,258,0.6666666666666666,1.0,0.5,0.5,issue_plus_hints,1.387,2,2,Java,gemma3:4b,1,1,1,trinodb/trino,0,Feature,trinodb__trino-4458,0.0,0.0,0.0,0.0
0.0,0.0,1.0,23,0.0,0.0,0.0,0.0,issue_only,2.437,2,2,Java,gemma3:4b,1,5,5,google/guava,0,Feature,google__guava-3971,0.0,0.0,0.0,0.0
0.5,1.0,1.0,23,0.6666666666666666,0.5,1.0,1.0,issue_plus_inventory,2.416,2,2,Java,gemma3:4b,1,2,2,google/guava,0,Feature,google__guava-3971,0.0,0.0,0.0,0.0
1.0,1.0,1.0,23,1.0,1.0,1.0,1.0,issue_plus_hints,1.393,2,2,Java,gemma3:4b,1,1,1,google/guava,0,Feature,google__guava-3971,1.0,1.0,1.0,1.0
0.0,0.0,0.0,258,0.0,0.0,0.0,0.0,issue_only,2.264,3,1,Java,gemma3:4b,1,5,5,trinodb/trino,0,Feature,trinodb__trino-4600,0.0,0.0,0.0,0.0
0.5,0.75,0.75,258,0.6666666666666666,0.6666666666666666,0.6666666666666666,0.6666666666666666,issue_plus_inventory,3.587,3,1,Java,gemma3:4b,1,3,3,trinodb/trino,0,Feature,trinodb__trino-4600,0.0,0.0,0.0,0.0
0.5,0.25,0.25,258,0.0,0.0,0.0,0.0,issue_plus_hints,1.315,3,1,Java,gemma3:4b,1,1,1,trinodb/trino,0,Feature,trinodb__trino-4600,0.0,0.0,0.0,0.0
0.0,0.0,0.0,258,0.0,0.0,0.0,0.0,issue_only,3.288,3,3,Java,gemma3:4b,1,5,5,trinodb/trino,0,Feature,trinodb__trino-5507,0.0,0.0,0.0,0.0
1.0,0.5,0.5,258,0.5,1.0,0.3333333333333333,0.3333333333333333,issue_plus_inventory,3.003,3,3,Java,gemma3:4b,1,1,2,trinodb/trino,0,Feature,trinodb__trino-5507,0.8,1.0,0.6666666666666666,0.6666666666666666
1.0,0.3333333333333333,0.3333333333333333,258,0.5,1.0,0.3333333333333333,0.3333333333333333,issue_plus_hints,1.196,3,3,Java,gemma3:4b,1,1,1,trinodb/trino,0,Feature,trinodb__trino-5507,0.5,1.0,0.3333333333333333,0.3333333333333333
0.0,0.0,0.0,258,0.0,0.0,0.0,0.0,issue_only,1.389,2,3,Java,gemma3:4b,1,3,3,trinodb/trino,0,Feature,trinodb__trino-6074,0.0,0.0,0.0,0.0
1.0,1.0,1.0,258,0.8,0.6666666666666666,1.0,1.0,issue_plus_inventory,3.448,2,3,Java,gemma3:4b,1,3,2,trinodb/trino,0,Feature,trinodb__trino-6074,0.8,1.0,0.6666666666666666,0.6666666666666666
1.0,0.6,0.6,258,0.6666666666666666,1.0,0.5,0.5,issue_plus_hints,1.657,2,3,Java,gemma3:4b,1,1,2,trinodb/trino,0,Feature,trinodb__trino-6074,0.8,1.0,0.6666666666666666,0.6666666666666666
0.0,0.0,0.2857142857142857,80,0.0,0.0,0.0,0.0,issue_only,1.343,5,2,Java,gemma3:4b,1,1,2,google/gson,0,Feature,google__gson-1904,0.0,0.0,0.0,0.0
0.6666666666666666,0.2857142857142857,0.2857142857142857,80,0.33333333333333337,1.0,0.2,0.2,issue_plus_inventory,2.574,5,2,Java,gemma3:4b,1,1,2,google/gson,0,Feature,google__gson-1904,0.5,0.5,0.5,0.5
0.6666666666666666,0.2857142857142857,0.2857142857142857,80,0.33333333333333337,1.0,0.2,0.2,issue_plus_hints,1.474,5,2,Java,gemma3:4b,1,1,2,google/gson,0,Feature,google__gson-1904,0.5,0.5,0.5,0.5
0.0,0.0,0.5,132,0.0,0.0,0.0,0.0,issue_only,3.293,3,1,Java,gemma3:4b,1,5,5,apache/dubbo,0,Feature,apache__dubbo-8032,0.0,0.0,0.0,0.0
0.3333333333333333,0.25,0.25,132,0.5,1.0,0.3333333333333333,0.3333333333333333,issue_plus_inventory,3.846,3,1,Java,gemma3:4b,1,1,2,apache/dubbo,0,Feature,apache__dubbo-8032,0.0,0.0,0.0,0.0
0.5,0.25,0.25,132,0.5,1.0,0.3333333333333333,0.3333333333333333,issue_plus_hints,1.574,3,1,Java,gemma3:4b,1,1,1,apache/dubbo,0,Feature,apache__dubbo-8032,0.0,0.0,0.0,0.0
0.0,0.0,0.0,45,0.0,0.0,0.0,0.0,issue_only,1.933,11,5,Java,gemma3:4b,1,5,5,apolloconfig/apollo,0,Feature,apolloconfig__apollo-4119,0.0,0.0,0.0,0.0
0.5,0.3125,0.5,45,0.25000000000000006,0.4,0.18181818181818182,0.18181818181818182,issue_plus_inventory,4.039,11,5,Java,gemma3:4b,1,5,5,apolloconfig/apollo,0,Feature,apolloconfig__apollo-4119,0.4000000000000001,0.4,0.4,0.4
1.0,0.125,0.1875,45,0.16666666666666669,1.0,0.09090909090909091,0.09090909090909091,issue_plus_hints,1.347,11,5,Java,gemma3:4b,1,1,1,apolloconfig/apollo,0,Feature,apolloconfig__apollo-4119,0.33333333333333337,1.0,0.2,0.2
0.0,0.0,0.0,45,0.0,0.0,0.0,0.0,issue_only,1.904,4,2,Java,gemma3:4b,1,5,5,apolloconfig/apollo,0,Feature,apolloconfig__apollo-4199,0.0,0.0,0.0,0.0
1.0,0.3333333333333333,0.3333333333333333,45,0.4,1.0,0.25,0.25,issue_plus_inventory,2.212,4,2,Java,gemma3:4b,1,1,1,apolloconfig/apollo,0,Feature,apolloconfig__apollo-4199,0.6666666666666666,1.0,0.5,0.5
1.0,0.3333333333333333,0.3333333333333333,45,0.4,1.0,0.25,0.25,issue_plus_hints,1.381,4,2,Java,gemma3:4b,1,1,1,apolloconfig/apollo,0,Feature,apolloconfig__apollo-4199,0.6666666666666666,1.0,0.5,0.5
0.0,0.0,0.5,45,0.0,0.0,0.0,0.0,issue_only,1.994,3,1,Java,gemma3:4b,1,1,3,apolloconfig/apollo,0,Feature,apolloconfig__apollo-4207,0.0,0.0,0.0,0.0
1.0,0.5,0.5,45,0.5,1.0,0.3333333333333333,0.3333333333333333,issue_plus_inventory,2.44,3,1,Java,gemma3:4b,1,1,1,apolloconfig/apollo,0,Feature,apolloconfig__apollo-4207,1.0,1.0,1.0,1.0
1.0,0.5,0.5,45,0.5,1.0,0.3333333333333333,0.3333333333333333,issue_plus_hints,1.486,3,1,Java,gemma3:4b,1,1,1,apolloconfig/apollo,0,Feature,apolloconfig__apollo-4207,1.0,1.0,1.0,1.0
0.0,0.0,0.0,157,0.0,0.0,0.0,0.0,issue_only,1.901,1,1,Java,gemma3:4b,1,5,5,apache/rocketmq,0,Feature,apache__rocketmq-3862,0.0,0.0,0.0,0.0
0.3333333333333333,0.5,0.5,157,0.0,0.0,0.0,0.0,issue_plus_inventory,3.319,1,1,Java,gemma3:4b,1,1,2,apache/rocketmq,0,Feature,apache__rocketmq-3862,0.6666666666666666,0.5,1.0,1.0
0.5,0.5,0.5,157,0.0,0.0,0.0,0.0,issue_plus_hints,1.233,1,1,Java,gemma3:4b,1,1,1,apache/rocketmq,0,Feature,apache__rocketmq-3862,1.0,1.0,1.0,1.0
0.0,0.0,0.0,157,0.0,0.0,0.0,0.0,issue_only,1.739,2,1,Java,gemma3:4b,1,1,2,apache/rocketmq,0,Feature,apache__rocketmq-4122,0.0,0.0,0.0,0.0
0.3333333333333333,0.3333333333333333,0.3333333333333333,157,0.6666666666666666,1.0,0.5,0.5,issue_plus_inventory,3.47,2,1,Java,gemma3:4b,1,1,2,apache/rocketmq,0,Feature,apache__rocketmq-4122,0.0,0.0,0.0,0.0
0.5,0.3333333333333333,0.3333333333333333,157,0.6666666666666666,1.0,0.5,0.5,issue_plus_hints,1.503,2,1,Java,gemma3:4b,1,1,1,apache/rocketmq,0,Feature,apache__rocketmq-4122,0.0,0.0,0.0,0.0
0.0,0.0,1.0,80,0.0,0.0,0.0,0.0,issue_only,1.445,1,1,Java,gemma3:4b,1,4,3,google/gson,0,Feature,google__gson-2130,0.0,0.0,0.0,0.0
1.0,1.0,1.0,80,1.0,1.0,1.0,1.0,issue_plus_inventory,2.554,1,1,Java,gemma3:4b,1,1,1,google/gson,0,Feature,google__gson-2130,1.0,1.0,1.0,1.0
1.0,1.0,1.0,80,1.0,1.0,1.0,1.0,issue_plus_hints,1.377,1,1,Java,gemma3:4b,1,1,1,google/gson,0,Feature,google__gson-2130,1.0,1.0,1.0,1.0
0.0,0.0,0.0625,45,0.0,0.0,0.0,0.0,issue_only,3.327,15,1,Java,gemma3:4b,1,5,5,apolloconfig/apollo,0,Feature,apolloconfig__apollo-4464,0.0,0.0,0.0,0.0
1.0,0.1875,0.1875,45,0.125,1.0,0.06666666666666667,0.06666666666666667,issue_plus_inventory,2.483,15,1,Java,gemma3:4b,1,1,2,apolloconfig/apollo,0,Feature,apolloconfig__apollo-4464,0.6666666666666666,0.5,1.0,1.0
1.0,0.1875,0.1875,45,0.125,1.0,0.06666666666666667,0.06666666666666667,issue_plus_hints,1.556,15,1,Java,gemma3:4b,1,1,2,apolloconfig/apollo,0,Feature,apolloconfig__apollo-4464,0.6666666666666666,0.5,1.0,1.0
0.0,0.0,0.0,157,0.0,0.0,0.0,0.0,issue_only,2.625,4,5,Java,gemma3:4b,1,5,5,apache/rocketmq,0,Feature,apache__rocketmq-5062,0.0,0.0,0.0,0.0
0.6666666666666666,0.2222222222222222,0.2222222222222222,157,0.4,1.0,0.25,0.25,issue_plus_inventory,3.302,4,5,Java,gemma3:4b,1,1,2,apache/rocketmq,0,Feature,apache__rocketmq-5062,0.28571428571428575,0.5,0.2,0.2
0.6666666666666666,0.2222222222222222,0.2222222222222222,157,0.4,1.0,0.25,0.25,issue_plus_hints,1.463,4,5,Java,gemma3:4b,1,1,2,apache/rocketmq,0,Feature,apache__rocketmq-5062,0.28571428571428575,0.5,0.2,0.2
0.0,0.0,0.0,157,0.0,0.0,0.0,0.0,issue_only,3.67,3,1,Java,gemma3:4b,1,5,5,apache/rocketmq,0,Feature,apache__rocketmq-5286,0.0,0.0,0.0,0.0
0.3333333333333333,0.25,0.25,157,0.0,0.0,0.0,0.0,issue_plus_inventory,3.087,3,1,Java,gemma3:4b,1,1,2,apache/rocketmq,0,Feature,apache__rocketmq-5286,0.0,0.0,0.0,0.0
0.0,0.0,0.0,157,0.0,0.0,0.0,0.0,issue_plus_hints,1.138,3,1,Java,gemma3:4b,1,1,1,apache/rocketmq,0,Feature,apache__rocketmq-5286,0.0,0.0,0.0,0.0
0.0,0.0,0.0,132,0.0,0.0,0.0,0.0,issue_only,1.343,1,3,Java,gemma3:4b,1,1,1,apache/dubbo,0,Feature,apache__dubbo-10846,0.0,0.0,0.0,0.0
0.0,0.0,0.0,132,0.0,0.0,0.0,0.0,issue_plus_inventory,3.471,1,3,Java,gemma3:4b,1,1,1,apache/dubbo,0,Feature,apache__dubbo-10846,0.0,0.0,0.0,0.0
0.0,0.0,0.0,132,0.0,0.0,0.0,0.0,issue_plus_hints,1.354,1,3,Java,gemma3:4b,1,1,1,apache/dubbo,0,Feature,apache__dubbo-10846,0.0,0.0,0.0,0.0
0.0,0.0,0.0,157,0.0,0.0,0.0,0.0,issue_only,1.724,3,2,Java,gemma3:4b,1,1,1,apache/rocketmq,0,Feature,apache__rocketmq-5706,0.0,0.0,0.0,0.0
1.0,0.6,0.6,157,0.5,1.0,0.3333333333333333,0.3333333333333333,issue_plus_inventory,3.596,3,2,Java,gemma3:4b,1,1,2,apache/rocketmq,0,Feature,apache__rocketmq-5706,1.0,1.0,1.0,1.0
1.0,0.4,0.4,157,0.5,1.0,0.3333333333333333,0.3333333333333333,issue_plus_hints,1.261,3,2,Java,gemma3:4b,1,1,1,apache/rocketmq,0,Feature,apache__rocketmq-5706,0.6666666666666666,1.0,0.5,0.5
0.0,0.0,0.0,132,0.0,0.0,0.0,0.0,issue_only,3.848,1,1,Java,gemma3:4b,1,5,5,apache/dubbo,0,Feature,apache__dubbo-11255,0.0,0.0,0.0,0.0
0.5,0.5,0.5,132,1.0,1.0,1.0,1.0,issue_plus_inventory,3.807,1,1,Java,gemma3:4b,1,1,2,apache/dubbo,0,Feature,apache__dubbo-11255,0.0,0.0,0.0,0.0
0.2,1.0,1.0,132,0.33333333333333337,0.2,1.0,1.0,issue_plus_hints,4.398,1,1,Java,gemma3:4b,1,5,5,apache/dubbo,0,Feature,apache__dubbo-11255,0.33333333333333337,0.2,1.0,1.0
0.0,0.0,0.0,132,0.0,0.0,0.0,0.0,issue_only,3.901,8,2,Java,gemma3:4b,1,5,5,apache/dubbo,0,Feature,apache__dubbo-11420,0.0,0.0,0.0,0.0
1.0,0.2,0.2,132,0.2222222222222222,1.0,0.125,0.125,issue_plus_inventory,3.437,8,2,Java,gemma3:4b,1,1,1,apache/dubbo,0,Feature,apache__dubbo-11420,0.6666666666666666,1.0,0.5,0.5
1.0,0.2,0.2,132,0.2222222222222222,1.0,0.125,0.125,issue_plus_hints,1.407,8,2,Java,gemma3:4b,1,1,1,apache/dubbo,0,Feature,apache__dubbo-11420,0.6666666666666666,1.0,0.5,0.5
0.4444444444444444,0.5714285714285714,0.5714285714285714,80,0.4444444444444445,0.4,0.5,0.5,issue_only,2.981,4,3,Java,gemma3:4b,1,5,5,google/gson,0,Feature,google__gson-2345,0.25,0.2,0.3333333333333333,0.3333333333333333
1.0,0.2857142857142857,0.2857142857142857,80,0.4,1.0,0.25,0.25,issue_plus_inventory,2.517,4,3,Java,gemma3:4b,1,1,1,google/gson,0,Feature,google__gson-2345,0.5,1.0,0.3333333333333333,0.3333333333333333
1.0,0.2857142857142857,0.2857142857142857,80,0.4,1.0,0.25,0.25,issue_plus_hints,1.223,4,3,Java,gemma3:4b,1,1,1,google/gson,0,Feature,google__gson-2345,0.5,1.0,0.3333333333333333,0.3333333333333333
0.0,0.0,0.05555555555555555,157,0.0,0.0,0.0,0.0,issue_only,1.98,17,1,Java,gemma3:4b,1,5,5,apache/rocketmq,0,Feature,apache__rocketmq-6522,0.0,0.0,0.0,0.0
0.6666666666666666,0.1111111111111111,0.1111111111111111,157,0.1111111111111111,1.0,0.058823529411764705,0.058823529411764705,issue_plus_inventory,3.38,17,1,Java,gemma3:4b,1,1,2,apache/rocketmq,0,Feature,apache__rocketmq-6522,0.6666666666666666,0.5,1.0,1.0
1.0,0.1111111111111111,0.1111111111111111,157,0.1111111111111111,1.0,0.058823529411764705,0.058823529411764705,issue_plus_hints,1.268,17,1,Java,gemma3:4b,1,1,1,apache/rocketmq,0,Feature,apache__rocketmq-6522,1.0,1.0,1.0,1.0
0.0,0.0,0.0,157,0.0,0.0,0.0,0.0,issue_only,3.07,9,4,Java,gemma3:4b,1,5,5,apache/rocketmq,0,Feature,apache__rocketmq-6755,0.0,0.0,0.0,0.0
1.0,0.3076923076923077,0.3076923076923077,157,0.19999999999999998,1.0,0.1111111111111111,0.1111111111111111,issue_plus_inventory,3.416,9,4,Java,gemma3:4b,1,1,3,apache/rocketmq,0,Feature,apache__rocketmq-6755,0.28571428571428575,0.3333333333333333,0.25,0.25
1.0,0.15384615384615385,0.15384615384615385,157,0.19999999999999998,1.0,0.1111111111111111,0.1111111111111111,issue_plus_hints,1.192,9,4,Java,gemma3:4b,1,1,1,apache/rocketmq,0,Feature,apache__rocketmq-6755,0.4,1.0,0.25,0.25
0.0,0.0,0.0,80,0.0,0.0,0.0,0.0,issue_only,1.621,9,3,Java,gemma3:4b,1,4,1,google/gson,0,Feature,google__gson-2420,0.0,0.0,0.0,0.0
0.6666666666666666,0.16666666666666666,0.16666666666666666,80,0.19999999999999998,1.0,0.1111111111111111,0.1111111111111111,issue_plus_inventory,2.992,9,3,Java,gemma3:4b,1,1,2,google/gson,0,Feature,google__gson-2420,0.4,0.5,0.3333333333333333,0.3333333333333333
0.5,0.08333333333333333,0.08333333333333333,80,0.19999999999999998,1.0,0.1111111111111111,0.1111111111111111,issue_plus_hints,1.086,9,3,Java,gemma3:4b,1,1,1,google/gson,0,Feature,google__gson-2420,0.0,0.0,0.0,0.0
0.2222222222222222,0.5,0.5,80,0.28571428571428575,0.2,0.5,0.5,issue_only,2.952,2,2,Java,gemma3:4b,1,5,5,google/gson,0,Feature,google__gson-2479,0.28571428571428575,0.2,0.5,0.5
0.5,0.75,0.75,80,0.4,0.3333333333333333,0.5,0.5,issue_plus_inventory,3.496,2,2,Java,gemma3:4b,1,3,3,google/gson,0,Feature,google__gson-2479,0.8,0.6666666666666666,1.0,1.0
0.3,0.75,0.75,80,0.28571428571428575,0.2,0.5,0.5,issue_plus_hints,3.094,2,2,Java,gemma3:4b,1,5,5,google/gson,0,Feature,google__gson-2479,0.5714285714285715,0.4,1.0,1.0
0.0,0.0,0.0,80,0.0,0.0,0.0,0.0,issue_only,3.164,3,5,Java,gemma3:4b,1,5,5,google/gson,0,Feature,google__gson-2498,0.0,0.0,0.0,0.0
0.0,0.0,0.0,80,0.0,0.0,0.0,0.0,issue_plus_inventory,3.051,3,5,Java,gemma3:4b,1,1,2,google/gson,0,Feature,google__gson-2498,0.0,0.0,0.0,0.0
0.0,0.0,0.0,80,0.0,0.0,0.0,0.0,issue_plus_hints,1.453,3,5,Java,gemma3:4b,1,1,2,google/gson,0,Feature,google__gson-2498,0.0,0.0,0.0,0.0
0.0,0.0,0.0,157,0.0,0.0,0.0,0.0,issue_only,1.593,2,1,Java,gemma3:4b,1,5,5,apache/rocketmq,0,Feature,apache__rocketmq-7455,0.0,0.0,0.0,0.0
0.0,0.0,0.0,157,0.0,0.0,0.0,0.0,issue_plus_inventory,3.159,2,1,Java,gemma3:4b,1,1,2,apache/rocketmq,0,Feature,apache__rocketmq-7455,0.0,0.0,0.0,0.0
0.0,0.0,0.0,157,0.0,0.0,0.0,0.0,issue_plus_hints,1.431,2,1,Java,gemma3:4b,1,1,2,apache/rocketmq,0,Feature,apache__rocketmq-7455,0.0,0.0,0.0,0.0
0.0,0.0,0.0,157,0.0,0.0,0.0,0.0,issue_only,3.747,14,1,Java,gemma3:4b,1,5,4,apache/rocketmq,0,Feature,apache__rocketmq-7544,0.0,0.0,0.0,0.0
0.75,0.2,0.2,157,0.13333333333333333,1.0,0.07142857142857142,0.07142857142857142,issue_plus_inventory,3.85,14,1,Java,gemma3:4b,1,1,3,apache/rocketmq,0,Feature,apache__rocketmq-7544,0.0,0.0,0.0,0.0
0.5,0.06666666666666667,0.06666666666666667,157,0.13333333333333333,1.0,0.07142857142857142,0.07142857142857142,issue_plus_hints,1.306,14,1,Java,gemma3:4b,1,1,1,apache/rocketmq,0,Feature,apache__rocketmq-7544,0.0,0.0,0.0,0.0
0.0,0.0,0.0,157,0.0,0.0,0.0,0.0,issue_only,1.319,1,1,Java,gemma3:4b,1,1,1,apache/rocketmq,0,Feature,apache__rocketmq-7655,0.0,0.0,0.0,0.0
0.0,0.0,0.0,157,0.0,0.0,0.0,0.0,issue_plus_inventory,3.787,1,1,Java,gemma3:4b,1,1,3,apache/rocketmq,0,Feature,apache__rocketmq-7655,0.0,0.0,0.0,0.0
0.0,0.0,0.0,157,0.0,0.0,0.0,0.0,issue_plus_hints,1.304,1,1,Java,gemma3:4b,1,1,1,apache/rocketmq,0,Feature,apache__rocketmq-7655,0.0,0.0,0.0,0.0
0.0,0.0,0.0,132,0.0,0.0,0.0,0.0,issue_only,3.374,2,2,Java,gemma3:4b,1,5,5,apache/dubbo,0,Feature,apache__dubbo-13869,0.0,0.0,0.0,0.0
0.5,0.25,0.25,132,0.0,0.0,0.0,0.0,issue_plus_inventory,3.522,2,2,Java,gemma3:4b,1,1,1,apache/dubbo,0,Feature,apache__dubbo-13869,0.6666666666666666,1.0,0.5,0.5
1.0,0.5,0.5,132,0.6666666666666666,1.0,0.5,0.5,issue_plus_hints,1.674,2,2,Java,gemma3:4b,1,1,1,apache/dubbo,0,Feature,apache__dubbo-13869,0.6666666666666666,1.0,0.5,0.5
0.0,0.0,0.0,157,0.0,0.0,0.0,0.0,issue_only,2.181,1,1,Java,gemma3:4b,1,5,5,apache/rocketmq,0,Feature,apache__rocketmq-7964,0.0,0.0,0.0,0.0
0.5,0.5,0.5,157,1.0,1.0,1.0,1.0,issue_plus_inventory,3.327,1,1,Java,gemma3:4b,1,1,2,apache/rocketmq,0,Feature,apache__rocketmq-7964,0.0,0.0,0.0,0.0
0.5,0.5,0.5,157,1.0,1.0,1.0,1.0,issue_plus_hints,1.231,1,1,Java,gemma3:4b,1,1,1,apache/rocketmq,0,Feature,apache__rocketmq-7964,0.0,0.0,0.0,0.0
0.0,0.0,0.3333333333333333,80,0.0,0.0,0.0,0.0,issue_only,1.577,1,2,Java,gemma3:4b,1,2,1,google/gson,0,Feature,google__gson-2701,0.0,0.0,0.0,0.0
0.5,0.3333333333333333,0.6666666666666666,80,0.0,0.0,0.0,0.0,issue_plus_inventory,3.032,1,2,Java,gemma3:4b,1,1,1,google/gson,0,Feature,google__gson-2701,0.6666666666666666,1.0,0.5,0.5
0.5,0.3333333333333333,0.6666666666666666,80,0.0,0.0,0.0,0.0,issue_plus_hints,1.237,1,2,Java,gemma3:4b,1,1,1,google/gson,0,Feature,google__gson-2701,0.6666666666666666,1.0,0.5,0.5
0.0,0.0,0.0,76,0.0,0.0,0.0,0.0,issue_only,2.378,1,1,JavaScript,gemma3:4b,1,5,5,serverless/serverless,0,Feature,serverless__serverless-2624,0.0,0.0,0.0,0.0
0.2,1.0,1.0,76,0.33333333333333337,0.2,1.0,1.0,issue_plus_inventory,2.832,1,1,JavaScript,gemma3:4b,1,5,5,serverless/serverless,0,Feature,serverless__serverless-2624,0.33333333333333337,0.2,1.0,1.0
0.2,1.0,1.0,76,0.33333333333333337,0.2,1.0,1.0,issue_plus_hints,1.875,1,1,JavaScript,gemma3:4b,1,5,5,serverless/serverless,0,Feature,serverless__serverless-2624,0.33333333333333337,0.2,1.0,1.0
0.0,0.0,0.6666666666666666,76,0.0,0.0,0.0,0.0,issue_only,1.978,2,1,JavaScript,gemma3:4b,1,5,5,serverless/serverless,0,Feature,serverless__serverless-2748,0.0,0.0,0.0,0.0
0.0,0.0,0.6666666666666666,76,0.0,0.0,0.0,0.0,issue_plus_inventory,3.327,2,1,JavaScript,gemma3:4b,1,5,5,serverless/serverless,0,Feature,serverless__serverless-2748,0.0,0.0,0.0,0.0
0.0,0.0,0.6666666666666666,76,0.0,0.0,0.0,0.0,issue_plus_hints,2.302,2,1,JavaScript,gemma3:4b,1,5,5,serverless/serverless,0,Feature,serverless__serverless-2748,0.0,0.0,0.0,0.0
0.1,0.3333333333333333,0.3333333333333333,76,0.28571428571428575,0.2,0.5,0.5,issue_only,1.68,2,1,JavaScript,gemma3:4b,1,5,5,serverless/serverless,0,Feature,serverless__serverless-2910,0.0,0.0,0.0,0.0
0.5,0.3333333333333333,0.6666666666666666,76,0.6666666666666666,1.0,0.5,0.5,issue_plus_inventory,2.239,2,1,JavaScript,gemma3:4b,1,1,1,serverless/serverless,0,Feature,serverless__serverless-2910,0.0,0.0,0.0,0.0
0.5,0.3333333333333333,0.6666666666666666,76,0.6666666666666666,1.0,0.5,0.5,issue_plus_hints,1.179,2,1,JavaScript,gemma3:4b,1,1,1,serverless/serverless,0,Feature,serverless__serverless-2910,0.0,0.0,0.0,0.0
0.0,0.0,0.0,76,0.0,0.0,0.0,0.0,issue_only,2.054,2,1,JavaScript,gemma3:4b,1,5,5,serverless/serverless,0,Feature,serverless__serverless-3217,0.0,0.0,0.0,0.0
0.0,0.0,0.0,76,0.0,0.0,0.0,0.0,issue_plus_inventory,3.584,2,1,JavaScript,gemma3:4b,1,5,5,serverless/serverless,0,Feature,serverless__serverless-3217,0.0,0.0,0.0,0.0
0.3333333333333333,0.6666666666666666,0.6666666666666666,76,0.4,0.3333333333333333,0.5,0.5,issue_plus_hints,1.785,2,1,JavaScript,gemma3:4b,1,3,3,serverless/serverless,0,Feature,serverless__serverless-3217,0.5,0.3333333333333333,1.0,1.0
0.0,0.0,0.0,335,0.0,0.0,0.0,0.0,issue_only,1.757,5,3,JavaScript,gemma3:4b,1,5,5,prettier/prettier,0,Feature,prettier__prettier-661,0.0,0.0,0.0,0.0
1.0,0.25,0.25,335,0.0,0.0,0.0,0.0,issue_plus_inventory,1.999,5,3,JavaScript,gemma3:4b,1,1,1,prettier/prettier,0,Feature,prettier__prettier-661,0.5,1.0,0.3333333333333333,0.3333333333333333
0.6666666666666666,0.25,0.25,335,0.0,0.0,0.0,0.0,issue_plus_hints,1.309,5,3,JavaScript,gemma3:4b,1,1,2,prettier/prettier,0,Feature,prettier__prettier-661,0.8,1.0,0.6666666666666666,0.6666666666666666
0.0,0.0,0.0,335,0.0,0.0,0.0,0.0,issue_only,2.495,1,3,JavaScript,gemma3:4b,1,5,5,prettier/prettier,0,Feature,prettier__prettier-842,0.0,0.0,0.0,0.0
0.5,0.25,0.5,335,0.0,0.0,0.0,0.0,issue_plus_inventory,2.636,1,3,JavaScript,gemma3:4b,1,1,1,prettier/prettier,0,Feature,prettier__prettier-842,0.0,0.0,0.0,0.0
0.5,0.25,0.5,335,0.0,0.0,0.0,0.0,issue_plus_hints,1.221,1,3,JavaScript,gemma3:4b,1,1,1,prettier/prettier,0,Feature,prettier__prettier-842,0.0,0.0,0.0,0.0
0.0,0.0,0.0,76,0.0,0.0,0.0,0.0,issue_only,1.79,3,1,JavaScript,gemma3:4b,1,5,5,serverless/serverless,0,Feature,serverless__serverless-3548,0.0,0.0,0.0,0.0
0.0,0.0,0.5,76,0.0,0.0,0.0,0.0,issue_plus_inventory,2.077,3,1,JavaScript,gemma3:4b,1,1,1,serverless/serverless,0,Feature,serverless__serverless-3548,0.0,0.0,0.0,0.0
0.0,0.0,0.5,76,0.0,0.0,0.0,0.0,issue_plus_hints,1.191,3,1,JavaScript,gemma3:4b,1,1,1,serverless/serverless,0,Feature,serverless__serverless-3548,0.0,0.0,0.0,0.0
0.0,0.0,0.0,76,0.0,0.0,0.0,0.0,issue_only,1.236,3,1,JavaScript,gemma3:4b,1,1,1,serverless/serverless,0,Feature,serverless__serverless-3609,0.0,0.0,0.0,0.0
0.0,0.0,0.5,76,0.0,0.0,0.0,0.0,issue_plus_inventory,2.859,3,1,JavaScript,gemma3:4b,1,3,3,serverless/serverless,0,Feature,serverless__serverless-3609,0.0,0.0,0.0,0.0
0.0,0.0,0.5,76,0.0,0.0,0.0,0.0,issue_plus_hints,1.619,3,1,JavaScript,gemma3:4b,1,3,2,serverless/serverless,0,Feature,serverless__serverless-3609,0.0,0.0,0.0,0.0
0.0,0.0,0.3333333333333333,76,0.0,0.0,0.0,0.0,issue_only,1.866,2,1,JavaScript,gemma3:4b,1,5,5,serverless/serverless,0,Feature,serverless__serverless-3642,0.0,0.0,0.0,0.0
1.0,0.6666666666666666,0.6666666666666666,76,0.6666666666666666,1.0,0.5,0.5,issue_plus_inventory,2.286,2,1,JavaScript,gemma3:4b,1,1,1,serverless/serverless,0,Feature,serverless__serverless-3642,1.0,1.0,1.0,1.0
1.0,0.6666666666666666,0.6666666666666666,76,0.6666666666666666,1.0,0.5,0.5,issue_plus_hints,1.01,2,1,JavaScript,gemma3:4b,1,1,1,serverless/serverless,0,Feature,serverless__serverless-3642,1.0,1.0,1.0,1.0
0.0,0.0,0.0,76,0.0,0.0,0.0,0.0,issue_only,1.597,4,2,JavaScript,gemma3:4b,1,5,5,serverless/serverless,0,Feature,serverless__serverless-4097,0.0,0.0,0.0,0.0
0.0,0.0,0.0,76,0.0,0.0,0.0,0.0,issue_plus_inventory,3.279,4,2,JavaScript,gemma3:4b,1,5,5,serverless/serverless,0,Feature,serverless__serverless-4097,0.0,0.0,0.0,0.0
0.0,0.0,0.0,76,0.0,0.0,0.0,0.0,issue_plus_hints,2.229,4,2,JavaScript,gemma3:4b,1,5,5,serverless/serverless,0,Feature,serverless__serverless-4097,0.0,0.0,0.0,0.0
0.0,0.0,0.0,334,0.0,0.0,0.0,0.0,issue_only,1.933,4,5,JavaScript,gemma3:4b,1,5,5,sveltejs/svelte,0,Feature,sveltejs__svelte-778,0.0,0.0,0.0,0.0
1.0,0.2222222222222222,0.2222222222222222,334,0.0,0.0,0.0,0.0,issue_plus_inventory,2.339,4,5,JavaScript,gemma3:4b,1,1,1,sveltejs/svelte,0,Feature,sveltejs__svelte-778,0.33333333333333337,1.0,0.2,0.2
1.0,0.3333333333333333,0.3333333333333333,334,0.0,0.0,0.0,0.0,issue_plus_hints,1.249,4,5,JavaScript,gemma3:4b,1,1,2,sveltejs/svelte,0,Feature,sveltejs__svelte-778,0.5714285714285715,1.0,0.4,0.4
0.0,0.0,0.04,334,0.0,0.0,0.0,0.0,issue_only,1.984,1,24,JavaScript,gemma3:4b,1,5,5,sveltejs/svelte,0,Feature,sveltejs__svelte-785,0.0,0.0,0.0,0.0
0.0,0.0,0.0,334,0.0,0.0,0.0,0.0,issue_plus_inventory,3.198,1,24,JavaScript,gemma3:4b,1,5,5,sveltejs/svelte,0,Feature,sveltejs__svelte-785,0.0,0.0,0.0,0.0
0.0,0.0,0.0,334,0.0,0.0,0.0,0.0,issue_plus_hints,2.009,1,24,JavaScript,gemma3:4b,1,5,5,sveltejs/svelte,0,Feature,sveltejs__svelte-785,0.0,0.0,0.0,0.0
0.0,0.0,0.06666666666666667,335,0.0,0.0,0.0,0.0,issue_only,1.664,8,7,JavaScript,gemma3:4b,1,5,5,prettier/prettier,0,Feature,prettier__prettier-3775,0.0,0.0,0.0,0.0
0.5,0.3333333333333333,0.3333333333333333,335,0.3076923076923077,0.4,0.25,0.25,issue_plus_inventory,2.724,8,7,JavaScript,gemma3:4b,1,5,5,prettier/prettier,0,Feature,prettier__prettier-3775,0.5,0.6,0.42857142857142855,0.42857142857142855
0.4,0.26666666666666666,0.3333333333333333,335,0.15384615384615385,0.2,0.125,0.125,issue_plus_hints,1.949,8,7,JavaScript,gemma3:4b,1,5,5,prettier/prettier,0,Feature,prettier__prettier-3775,0.5,0.6,0.42857142857142855,0.42857142857142855
0.0,0.0,0.0,334,0.0,0.0,0.0,0.0,issue_only,1.993,4,7,JavaScript,gemma3:4b,1,5,5,sveltejs/svelte,0,Feature,sveltejs__svelte-1148,0.0,0.0,0.0,0.0
0.5,0.45454545454545453,0.6363636363636364,334,0.4444444444444445,0.4,0.5,0.5,issue_plus_inventory,3.194,4,7,JavaScript,gemma3:4b,1,5,5,sveltejs/svelte,0,Feature,sveltejs__svelte-1148,0.5,0.6,0.42857142857142855,0.42857142857142855
0.5,0.45454545454545453,0.6363636363636364,334,0.4444444444444445,0.4,0.5,0.5,issue_plus_hints,2.488,4,7,JavaScript,gemma3:4b,1,5,5,sveltejs/svelte,0,Feature,sveltejs__svelte-1148,0.5,0.6,0.42857142857142855,0.42857142857142855
0.0,0.0,0.0,335,0.0,0.0,0.0,0.0,issue_only,1.654,2,101,JavaScript,gemma3:4b,1,1,1,prettier/prettier,0,Feature,prettier__prettier-3903,0.0,0.0,0.0,0.0
0.5,0.019417475728155338,0.019417475728155338,335,0.0,0.0,0.0,0.0,issue_plus_inventory,2.555,2,101,JavaScript,gemma3:4b,1,1,3,prettier/prettier,0,Feature,prettier__prettier-3903,0.019230769230769232,0.3333333333333333,0.009900990099009901,0.009900990099009901
0.5,0.019417475728155338,0.019417475728155338,335,0.0,0.0,0.0,0.0,issue_plus_hints,1.268,2,101,JavaScript,gemma3:4b,1,1,3,prettier/prettier,0,Feature,prettier__prettier-3903,0.019230769230769232,0.3333333333333333,0.009900990099009901,0.009900990099009901
0.0,0.0,0.0,335,0.0,0.0,0.0,0.0,issue_only,1.554,1,2,JavaScript,gemma3:4b,1,5,5,prettier/prettier,0,Feature,prettier__prettier-4667,0.0,0.0,0.0,0.0
0.3333333333333333,1.0,1.0,335,0.33333333333333337,0.2,1.0,1.0,issue_plus_inventory,3.619,1,2,JavaScript,gemma3:4b,1,5,4,prettier/prettier,0,Feature,prettier__prettier-4667,0.3333333333333333,0.25,0.5,0.5
1.0,1.0,1.0,335,1.0,1.0,1.0,1.0,issue_plus_hints,1.126,1,2,JavaScript,gemma3:4b,1,1,2,prettier/prettier,0,Feature,prettier__prettier-4667,1.0,1.0,1.0,1.0
0.0,0.0,0.0,77,0.0,0.0,0.0,0.0,issue_only,2.013,4,1,JavaScript,gemma3:4b,1,5,5,mrdoob/three.js,0,Feature,mrdoob__three.js-14566,0.0,0.0,0.0,0.0
0.5,0.6,0.8,77,0.5714285714285715,0.6666666666666666,0.5,0.5,issue_plus_inventory,2.496,4,1,JavaScript,gemma3:4b,1,3,3,mrdoob/three.js,0,Feature,mrdoob__three.js-14566,0.5,0.3333333333333333,1.0,1.0
0.75,0.6,0.8,77,0.5714285714285715,0.6666666666666666,0.5,0.5,issue_plus_hints,1.172,4,1,JavaScript,gemma3:4b,1,3,1,mrdoob/three.js,0,Feature,mrdoob__three.js-14566,1.0,1.0,1.0,1.0
0.0,0.0,0.09090909090909091,334,0.0,0.0,0.0,0.0,issue_only,1.654,2,20,JavaScript,gemma3:4b,1,5,5,sveltejs/svelte,0,Feature,sveltejs__svelte-1811,0.0,0.0,0.0,0.0
0.2,0.09090909090909091,0.7727272727272727,334,0.0,0.0,0.0,0.0,issue_plus_inventory,3.515,2,20,JavaScript,gemma3:4b,1,5,5,sveltejs/svelte,0,Feature,sveltejs__svelte-1811,0.16000000000000003,0.4,0.1,0.1
0.2,0.09090909090909091,0.7727272727272727,334,0.0,0.0,0.0,0.0,issue_plus_hints,2.221,2,20,JavaScript,gemma3:4b,1,5,5,sveltejs/svelte,0,Feature,sveltejs__svelte-1811,0.16000000000000003,0.4,0.1,0.1
0.125,0.2,0.4,76,0.22222222222222224,0.2,0.25,0.25,issue_only,3.056,4,1,JavaScript,gemma3:4b,1,5,5,serverless/serverless,0,Feature,serverless__serverless-5509,0.0,0.0,0.0,0.0
1.0,0.4,0.4,76,0.4,1.0,0.25,0.25,issue_plus_inventory,2.393,4,1,JavaScript,gemma3:4b,1,1,1,serverless/serverless,0,Feature,serverless__serverless-5509,1.0,1.0,1.0,1.0
1.0,0.4,0.4,76,0.4,1.0,0.25,0.25,issue_plus_hints,1.116,4,1,JavaScript,gemma3:4b,1,1,1,serverless/serverless,0,Feature,serverless__serverless-5509,1.0,1.0,1.0,1.0
0.0,0.0,0.0,76,0.0,0.0,0.0,0.0,issue_only,1.556,3,2,JavaScript,gemma3:4b,1,5,5,serverless/serverless,0,Feature,serverless__serverless-5579,0.0,0.0,0.0,0.0
0.16666666666666666,0.2,0.2,76,0.0,0.0,0.0,0.0,issue_plus_inventory,2.45,3,2,JavaScript,gemma3:4b,1,3,3,serverless/serverless,0,Feature,serverless__serverless-5579,0.4,0.3333333333333333,0.5,0.5
0.0,0.0,0.0,76,0.0,0.0,0.0,0.0,issue_plus_hints,1.067,3,2,JavaScript,gemma3:4b,1,1,1,serverless/serverless,0,Feature,serverless__serverless-5579,0.0,0.0,0.0,0.0
0.0,0.0,0.0,334,0.0,0.0,0.0,0.0,issue_only,0.915,4,15,JavaScript,gemma3:4b,1,1,1,sveltejs/svelte,0,Feature,sveltejs__svelte-2187,0.0,0.0,0.0,0.0
0.4,0.21052631578947367,0.5263157894736842,334,0.0,0.0,0.0,0.0,issue_plus_inventory,3.133,4,15,JavaScript,gemma3:4b,1,5,5,sveltejs/svelte,0,Feature,sveltejs__svelte-2187,0.4,0.8,0.26666666666666666,0.26666666666666666
0.375,0.15789473684210525,0.5263157894736842,334,0.0,0.0,0.0,0.0,issue_plus_hints,1.73,4,15,JavaScript,gemma3:4b,1,4,4,sveltejs/svelte,0,Feature,sveltejs__svelte-2187,0.31578947368421056,0.75,0.2,0.2
0.0,0.0,0.0,76,0.0,0.0,0.0,0.0,issue_only,2.84,5,4,JavaScript,gemma3:4b,1,5,5,serverless/serverless,0,Feature,serverless__serverless-5982,0.0,0.0,0.0,0.0
0.0,0.0,0.0,76,0.0,0.0,0.0,0.0,issue_plus_inventory,2.259,5,4,JavaScript,gemma3:4b,1,1,1,serverless/serverless,0,Feature,serverless__serverless-5982,0.0,0.0,0.0,0.0
0.0,0.0,0.0,76,0.0,0.0,0.0,0.0,issue_plus_hints,1.132,5,4,JavaScript,gemma3:4b,1,1,1,serverless/serverless,0,Feature,serverless__serverless-5982,0.0,0.0,0.0,0.0
0.0,0.0,0.0,76,0.0,0.0,0.0,0.0,issue_only,1.741,3,1,JavaScript,gemma3:4b,1,5,5,serverless/serverless,0,Feature,serverless__serverless-6051,0.0,0.0,0.0,0.0
0.3,0.75,0.75,76,0.5,0.4,0.6666666666666666,0.6666666666666666,issue_plus_inventory,4.032,3,1,JavaScript,gemma3:4b,1,5,5,serverless/serverless,0,Feature,serverless__serverless-6051,0.0,0.0,0.0,0.0
0.0,0.0,0.0,76,0.0,0.0,0.0,0.0,issue_plus_hints,1.467,3,1,JavaScript,gemma3:4b,1,1,1,serverless/serverless,0,Feature,serverless__serverless-6051,0.0,0.0,0.0,0.0
0.0,0.0,0.0,76,0.0,0.0,0.0,0.0,issue_only,1.599,3,1,JavaScript,gemma3:4b,1,5,5,serverless/serverless,0,Feature,serverless__serverless-6063,0.0,0.0,0.0,0.0
0.0,0.0,0.0,76,0.0,0.0,0.0,0.0,issue_plus_inventory,2.157,3,1,JavaScript,gemma3:4b,1,1,1,serverless/serverless,0,Feature,serverless__serverless-6063,0.0,0.0,0.0,0.0
1.0,0.5,0.5,76,0.5,1.0,0.3333333333333333,0.3333333333333333,issue_plus_hints,1.324,3,1,JavaScript,gemma3:4b,1,1,1,serverless/serverless,0,Feature,serverless__serverless-6063,1.0,1.0,1.0,1.0
0.0,0.0,0.0,76,0.0,0.0,0.0,0.0,issue_only,1.825,2,1,JavaScript,gemma3:4b,1,5,5,serverless/serverless,0,Feature,serverless__serverless-6345,0.0,0.0,0.0,0.0
0.0,0.0,0.0,76,0.0,0.0,0.0,0.0,issue_plus_inventory,2.256,2,1,JavaScript,gemma3:4b,1,1,1,serverless/serverless,0,Feature,serverless__serverless-6345,0.0,0.0,0.0,0.0
0.0,0.0,0.0,76,0.0,0.0,0.0,0.0,issue_plus_hints,1.078,2,1,JavaScript,gemma3:4b,1,1,1,serverless/serverless,0,Feature,serverless__serverless-6345,0.0,0.0,0.0,0.0
0.1,0.05555555555555555,0.05555555555555555,77,0.0909090909090909,0.2,0.058823529411764705,0.058823529411764705,issue_only,2.388,17,1,JavaScript,gemma3:4b,1,5,5,mrdoob/three.js,0,Feature,mrdoob__three.js-17649,0.0,0.0,0.0,0.0
0.2,0.1111111111111111,0.2222222222222222,77,0.1818181818181818,0.4,0.11764705882352941,0.11764705882352941,issue_plus_inventory,3.39,17,1,JavaScript,gemma3:4b,1,5,5,mrdoob/three.js,0,Feature,mrdoob__three.js-17649,0.0,0.0,0.0,0.0
0.4,0.2222222222222222,0.3333333333333333,77,0.2727272727272727,0.6,0.17647058823529413,0.17647058823529413,issue_plus_hints,2.485,17,1,JavaScript,gemma3:4b,1,5,5,mrdoob/three.js,0,Feature,mrdoob__three.js-17649,0.33333333333333337,0.2,1.0,1.0
0.0,0.0,0.0,76,0.0,0.0,0.0,0.0,issue_only,1.869,3,1,JavaScript,gemma3:4b,1,5,5,serverless/serverless,0,Feature,serverless__serverless-6945,0.0,0.0,0.0,0.0
0.3333333333333333,0.5,0.5,76,0.3333333333333333,0.3333333333333333,0.3333333333333333,0.3333333333333333,issue_plus_inventory,2.519,3,1,JavaScript,gemma3:4b,1,3,3,serverless/serverless,0,Feature,serverless__serverless-6945,0.5,0.3333333333333333,1.0,1.0
1.0,0.5,0.5,76,0.5,1.0,0.3333333333333333,0.3333333333333333,issue_plus_hints,0.92,3,1,JavaScript,gemma3:4b,1,1,1,serverless/serverless,0,Feature,serverless__serverless-6945,1.0,1.0,1.0,1.0
0.0,0.0,0.3333333333333333,76,0.0,0.0,0.0,0.0,issue_only,1.846,2,1,JavaScript,gemma3:4b,1,5,5,serverless/serverless,0,Feature,serverless__serverless-7024,0.0,0.0,0.0,0.0
1.0,0.6666666666666666,0.6666666666666666,76,0.6666666666666666,1.0,0.5,0.5,issue_plus_inventory,2.242,2,1,JavaScript,gemma3:4b,1,1,1,serverless/serverless,0,Feature,serverless__serverless-7024,1.0,1.0,1.0,1.0
1.0,0.6666666666666666,0.6666666666666666,76,0.6666666666666666,1.0,0.5,0.5,issue_plus_hints,1.129,2,1,JavaScript,gemma3:4b,1,1,1,serverless/serverless,0,Feature,serverless__serverless-7024,1.0,1.0,1.0,1.0
0.1,0.5,1.0,76,0.33333333333333337,0.2,1.0,1.0,issue_only,2.348,1,1,JavaScript,gemma3:4b,1,5,5,serverless/serverless,0,Feature,serverless__serverless-7031,0.0,0.0,0.0,0.0
1.0,1.0,1.0,76,1.0,1.0,1.0,1.0,issue_plus_inventory,2.342,1,1,JavaScript,gemma3:4b,1,1,1,serverless/serverless,0,Feature,serverless__serverless-7031,1.0,1.0,1.0,1.0
1.0,1.0,1.0,76,1.0,1.0,1.0,1.0,issue_plus_hints,1.02,1,1,JavaScript,gemma3:4b,1,1,1,serverless/serverless,0,Feature,serverless__serverless-7031,1.0,1.0,1.0,1.0
0.0,0.0,0.25,76,0.0,0.0,0.0,0.0,issue_only,2.354,3,1,JavaScript,gemma3:4b,1,5,5,serverless/serverless,0,Feature,serverless__serverless-7623,0.0,0.0,0.0,0.0
1.0,0.5,0.5,76,0.5,1.0,0.3333333333333333,0.3333333333333333,issue_plus_inventory,2.363,3,1,JavaScript,gemma3:4b,1,1,1,serverless/serverless,0,Feature,serverless__serverless-7623,1.0,1.0,1.0,1.0
0.2,0.5,0.5,76,0.25,0.2,0.3333333333333333,0.3333333333333333,issue_plus_hints,3.185,3,1,JavaScript,gemma3:4b,1,5,5,serverless/serverless,0,Feature,serverless__serverless-7623,0.33333333333333337,0.2,1.0,1.0
0.0,0.0,0.05,335,0.0,0.0,0.0,0.0,issue_only,2.268,11,9,JavaScript,gemma3:4b,1,5,5,prettier/prettier,0,Feature,prettier__prettier-8381,0.0,0.0,0.0,0.0
0.7,0.35,0.6,335,0.37499999999999994,0.6,0.2727272727272727,0.2727272727272727,issue_plus_inventory,3.254,11,9,JavaScript,gemma3:4b,1,5,5,prettier/prettier,0,Feature,prettier__prettier-8381,0.5714285714285714,0.8,0.4444444444444444,0.4444444444444444
0.7,0.35,0.6,335,0.37499999999999994,0.6,0.2727272727272727,0.2727272727272727,issue_plus_hints,1.967,11,9,JavaScript,gemma3:4b,1,5,5,prettier/prettier,0,Feature,prettier__prettier-8381,0.5714285714285714,0.8,0.4444444444444444,0.4444444444444444
0.1111111111111111,0.058823529411764705,0.058823529411764705,335,0.0,0.0,0.0,0.0,issue_only,1.808,4,13,JavaScript,gemma3:4b,1,5,5,prettier/prettier,0,Feature,prettier__prettier-8465,0.0,0.0,0.0,0.0
0.3,0.17647058823529413,0.17647058823529413,335,0.0,0.0,0.0,0.0,issue_plus_inventory,2.578,4,13,JavaScript,gemma3:4b,1,5,5,prettier/prettier,0,Feature,prettier__prettier-8465,0.33333333333333337,0.6,0.23076923076923078,0.23076923076923078
0.3,0.17647058823529413,0.17647058823529413,335,0.0,0.0,0.0,0.0,issue_plus_hints,1.895,4,13,JavaScript,gemma3:4b,1,5,5,prettier/prettier,0,Feature,prettier__prettier-8465,0.33333333333333337,0.6,0.23076923076923078,0.23076923076923078
0.0,0.0,0.0,334,0.0,0.0,0.0,0.0,issue_only,1.128,5,5,JavaScript,gemma3:4b,1,1,1,sveltejs/svelte,0,Feature,sveltejs__svelte-5442,0.0,0.0,0.0,0.0
0.3,0.3,0.6,334,0.20000000000000004,0.2,0.2,0.2,issue_plus_inventory,3.396,5,5,JavaScript,gemma3:4b,1,5,5,sveltejs/svelte,0,Feature,sveltejs__svelte-5442,0.20000000000000004,0.2,0.2,0.2
0.5,0.1,0.2,334,0.0,0.0,0.0,0.0,issue_plus_hints,0.979,5,5,JavaScript,gemma3:4b,1,1,1,sveltejs/svelte,0,Feature,sveltejs__svelte-5442,0.33333333333333337,1.0,0.2,0.2
0.0,0.0,0.0,77,0.0,0.0,0.0,0.0,issue_only,1.784,3,1,JavaScript,gemma3:4b,1,5,5,mrdoob/three.js,0,Feature,mrdoob__three.js-20478,0.0,0.0,0.0,0.0
1.0,0.5,0.5,77,0.5,1.0,0.3333333333333333,0.3333333333333333,issue_plus_inventory,2.047,3,1,JavaScript,gemma3:4b,1,1,1,mrdoob/three.js,0,Feature,mrdoob__three.js-20478,1.0,1.0,1.0,1.0
1.0,0.5,0.5,77,0.5,1.0,0.3333333333333333,0.3333333333333333,issue_plus_hints,1.146,3,1,JavaScript,gemma3:4b,1,1,1,mrdoob/three.js,0,Feature,mrdoob__three.js-20478,1.0,1.0,1.0,1.0
0.0,0.0,0.0,76,0.0,0.0,0.0,0.0,issue_only,1.411,4,1,JavaScript,gemma3:4b,1,3,2,serverless/serverless,0,Feature,serverless__serverless-8638,0.0,0.0,0.0,0.0
0.1,0.2,0.2,76,0.22222222222222224,0.2,0.25,0.25,issue_plus_inventory,3.506,4,1,JavaScript,gemma3:4b,1,5,5,serverless/serverless,0,Feature,serverless__serverless-8638,0.0,0.0,0.0,0.0
0.0,0.0,0.0,76,0.0,0.0,0.0,0.0,issue_plus_hints,1.314,4,1,JavaScript,gemma3:4b,1,1,1,serverless/serverless,0,Feature,serverless__serverless-8638,0.0,0.0,0.0,0.0
0.0,0.0,0.0,335,0.0,0.0,0.0,0.0,issue_only,2.504,2,4,JavaScript,gemma3:4b,1,5,5,prettier/prettier,0,Feature,prettier__prettier-10109,0.0,0.0,0.0,0.0
1.0,0.3333333333333333,0.3333333333333333,335,0.0,0.0,0.0,0.0,issue_plus_inventory,2.575,2,4,JavaScript,gemma3:4b,1,1,1,prettier/prettier,0,Feature,prettier__prettier-10109,0.4,1.0,0.25,0.25
1.0,0.3333333333333333,0.3333333333333333,335,0.0,0.0,0.0,0.0,issue_plus_hints,1.24,2,4,JavaScript,gemma3:4b,1,1,1,prettier/prettier,0,Feature,prettier__prettier-10109,0.4,1.0,0.25,0.25
0.0,0.0,0.0,77,0.0,0.0,0.0,0.0,issue_only,1.763,4,1,JavaScript,gemma3:4b,1,5,5,mrdoob/three.js,0,Feature,mrdoob__three.js-21532,0.0,0.0,0.0,0.0
1.0,0.4,0.4,77,0.4,1.0,0.25,0.25,issue_plus_inventory,1.894,4,1,JavaScript,gemma3:4b,1,1,1,mrdoob/three.js,0,Feature,mrdoob__three.js-21532,1.0,1.0,1.0,1.0
1.0,0.4,0.4,77,0.4,1.0,0.25,0.25,issue_plus_hints,1.192,4,1,JavaScript,gemma3:4b,1,1,1,mrdoob/three.js,0,Feature,mrdoob__three.js-21532,1.0,1.0,1.0,1.0
0.0,0.0,0.0,334,0.0,0.0,0.0,0.0,issue_only,1.775,1,8,JavaScript,gemma3:4b,1,5,5,sveltejs/svelte,0,Feature,sveltejs__svelte-6223,0.0,0.0,0.0,0.0
0.4,0.4444444444444444,0.8888888888888888,334,0.33333333333333337,0.2,1.0,1.0,issue_plus_inventory,3.346,1,8,JavaScript,gemma3:4b,1,5,5,sveltejs/svelte,0,Feature,sveltejs__svelte-6223,0.4615384615384615,0.6,0.375,0.375
0.0,0.0,0.1111111111111111,334,0.0,0.0,0.0,0.0,issue_plus_hints,0.94,1,8,JavaScript,gemma3:4b,1,1,1,sveltejs/svelte,0,Feature,sveltejs__svelte-6223,0.0,0.0,0.0,0.0
0.0,0.0,0.2,77,0.0,0.0,0.0,0.0,issue_only,1.822,4,1,JavaScript,gemma3:4b,1,5,5,mrdoob/three.js,0,Feature,mrdoob__three.js-21826,0.0,0.0,0.0,0.0
0.1,0.2,0.4,77,0.22222222222222224,0.2,0.25,0.25,issue_plus_inventory,2.957,4,1,JavaScript,gemma3:4b,1,5,5,mrdoob/three.js,0,Feature,mrdoob__three.js-21826,0.0,0.0,0.0,0.0
0.16666666666666666,0.2,0.4,77,0.22222222222222224,0.2,0.25,0.25,issue_plus_hints,1.704,4,1,JavaScript,gemma3:4b,1,5,1,mrdoob/three.js,0,Feature,mrdoob__three.js-21826,0.0,0.0,0.0,0.0
0.0,0.0,0.0,335,0.0,0.0,0.0,0.0,issue_only,1.748,8,9,JavaScript,gemma3:4b,1,5,5,prettier/prettier,0,Feature,prettier__prettier-10910,0.0,0.0,0.0,0.0
0.16666666666666666,0.058823529411764705,0.058823529411764705,335,0.18181818181818182,0.3333333333333333,0.125,0.125,issue_plus_inventory,2.286,8,9,JavaScript,gemma3:4b,1,3,3,prettier/prettier,0,Feature,prettier__prettier-10910,0.0,0.0,0.0,0.0
0.16666666666666666,0.058823529411764705,0.058823529411764705,335,0.18181818181818182,0.3333333333333333,0.125,0.125,issue_plus_hints,1.341,8,9,JavaScript,gemma3:4b,1,3,3,prettier/prettier,0,Feature,prettier__prettier-10910,0.0,0.0,0.0,0.0
0.0,0.0,0.0,334,0.0,0.0,0.0,0.0,issue_only,1.763,4,4,JavaScript,gemma3:4b,1,5,5,sveltejs/svelte,0,Feature,sveltejs__svelte-6528,0.0,0.0,0.0,0.0
1.0,0.375,0.375,334,0.0,0.0,0.0,0.0,issue_plus_inventory,2.438,4,4,JavaScript,gemma3:4b,1,1,2,sveltejs/svelte,0,Feature,sveltejs__svelte-6528,0.6666666666666666,1.0,0.5,0.5
1.0,0.25,0.25,334,0.0,0.0,0.0,0.0,issue_plus_hints,1.111,4,4,JavaScript,gemma3:4b,1,1,1,sveltejs/svelte,0,Feature,sveltejs__svelte-6528,0.4,1.0,0.25,0.25
0.0,0.0,0.0,334,0.0,0.0,0.0,0.0,issue_only,2.192,1,4,JavaScript,gemma3:4b,1,5,5,sveltejs/svelte,0,Feature,sveltejs__svelte-6564,0.0,0.0,0.0,0.0
0.5,0.2,0.4,334,0.0,0.0,0.0,0.0,issue_plus_inventory,2.484,1,4,JavaScript,gemma3:4b,1,1,1,sveltejs/svelte,0,Feature,sveltejs__svelte-6564,0.0,0.0,0.0,0.0
0.5,0.2,0.4,334,0.0,0.0,0.0,0.0,issue_plus_hints,1.227,1,4,JavaScript,gemma3:4b,1,1,1,sveltejs/svelte,0,Feature,sveltejs__svelte-6564,0.0,0.0,0.0,0.0
0.0,0.0,0.0,334,0.0,0.0,0.0,0.0,issue_only,2.309,1,3,JavaScript,gemma3:4b,1,5,5,sveltejs/svelte,0,Feature,sveltejs__svelte-6613,0.0,0.0,0.0,0.0
0.1111111111111111,0.25,0.25,334,0.0,0.0,0.0,0.0,issue_plus_inventory,3.56,1,3,JavaScript,gemma3:4b,1,4,5,sveltejs/svelte,0,Feature,sveltejs__svelte-6613,0.25,0.2,0.3333333333333333,0.3333333333333333
0.0,0.0,0.0,334,0.0,0.0,0.0,0.0,issue_plus_hints,1.236,1,3,JavaScript,gemma3:4b,1,1,1,sveltejs/svelte,0,Feature,sveltejs__svelte-6613,0.0,0.0,0.0,0.0
0.0,0.0,0.0,334,0.0,0.0,0.0,0.0,issue_only,2.068,2,1,JavaScript,gemma3:4b,1,5,5,sveltejs/svelte,0,Feature,sveltejs__svelte-6838,0.0,0.0,0.0,0.0
0.1,0.3333333333333333,0.3333333333333333,334,0.0,0.0,0.0,0.0,issue_plus_inventory,3.621,2,1,JavaScript,gemma3:4b,1,5,5,sveltejs/svelte,0,Feature,sveltejs__svelte-6838,0.33333333333333337,0.2,1.0,1.0
0.125,0.3333333333333333,0.3333333333333333,334,0.0,0.0,0.0,0.0,issue_plus_hints,1.975,2,1,JavaScript,gemma3:4b,1,4,4,sveltejs/svelte,0,Feature,sveltejs__svelte-6838,0.4,0.25,1.0,1.0
0.0,0.0,0.0,76,0.0,0.0,0.0,0.0,issue_only,2.28,1,1,JavaScript,gemma3:4b,1,5,4,serverless/serverless,0,Feature,serverless__serverless-10120,0.0,0.0,0.0,0.0
1.0,1.0,1.0,76,1.0,1.0,1.0,1.0,issue_plus_inventory,2.138,1,1,JavaScript,gemma3:4b,1,1,1,serverless/serverless,0,Feature,serverless__serverless-10120,1.0,1.0,1.0,1.0
1.0,1.0,1.0,76,1.0,1.0,1.0,1.0,issue_plus_hints,1.222,1,1,JavaScript,gemma3:4b,1,1,1,serverless/serverless,0,Feature,serverless__serverless-10120,1.0,1.0,1.0,1.0
0.0,0.0,0.0,77,0.0,0.0,0.0,0.0,issue_only,2.018,2,2,JavaScript,gemma3:4b,1,5,5,mrdoob/three.js,0,Feature,mrdoob__three.js-23596,0.0,0.0,0.0,0.0
0.3333333333333333,0.5,0.5,77,0.28571428571428575,0.2,0.5,0.5,issue_plus_inventory,2.376,2,2,JavaScript,gemma3:4b,1,5,1,mrdoob/three.js,0,Feature,mrdoob__three.js-23596,0.0,0.0,0.0,0.0
0.25,0.5,0.5,77,0.28571428571428575,0.2,0.5,0.5,issue_plus_hints,1.88,2,2,JavaScript,gemma3:4b,1,5,4,mrdoob/three.js,0,Feature,mrdoob__three.js-23596,0.3333333333333333,0.25,0.5,0.5
0.0,0.0,0.0,77,0.0,0.0,0.0,0.0,issue_only,2.18,9,6,JavaScript,gemma3:4b,1,5,5,mrdoob/three.js,0,Feature,mrdoob__three.js-23796,0.0,0.0,0.0,0.0
1.0,0.4,0.4,77,0.5,1.0,0.3333333333333333,0.3333333333333333,issue_plus_inventory,2.389,9,6,JavaScript,gemma3:4b,1,3,3,mrdoob/three.js,0,Feature,mrdoob__three.js-23796,0.6666666666666666,1.0,0.5,0.5
1.0,0.4,0.4,77,0.5,1.0,0.3333333333333333,0.3333333333333333,issue_plus_hints,1.364,9,6,JavaScript,gemma3:4b,1,3,3,mrdoob/three.js,0,Feature,mrdoob__three.js-23796,0.6666666666666666,1.0,0.5,0.5
0.0,0.0,0.0,335,0.0,0.0,0.0,0.0,issue_only,1.584,3,1,JavaScript,gemma3:4b,1,5,5,prettier/prettier,0,Feature,prettier__prettier-14108,0.0,0.0,0.0,0.0
0.0,0.0,0.0,335,0.0,0.0,0.0,0.0,issue_plus_inventory,1.998,3,1,JavaScript,gemma3:4b,1,1,1,prettier/prettier,0,Feature,prettier__prettier-14108,0.0,0.0,0.0,0.0
0.0,0.0,0.0,335,0.0,0.0,0.0,0.0,issue_plus_hints,0.983,3,1,JavaScript,gemma3:4b,1,1,1,prettier/prettier,0,Feature,prettier__prettier-14108,0.0,0.0,0.0,0.0
0.0,0.0,0.0,335,0.0,0.0,0.0,0.0,issue_only,1.496,4,1,JavaScript,gemma3:4b,1,5,5,prettier/prettier,0,Feature,prettier__prettier-14317,0.0,0.0,0.0,0.0
0.0,0.0,0.0,335,0.0,0.0,0.0,0.0,issue_plus_inventory,2.333,4,1,JavaScript,gemma3:4b,1,3,3,prettier/prettier,0,Feature,prettier__prettier-14317,0.0,0.0,0.0,0.0
0.0,0.0,0.0,335,0.0,0.0,0.0,0.0,issue_plus_hints,0.989,4,1,JavaScript,gemma3:4b,1,1,1,prettier/prettier,0,Feature,prettier__prettier-14317,0.0,0.0,0.0,0.0
0.0,0.0,0.0,335,0.0,0.0,0.0,0.0,issue_only,2.1,2,3,JavaScript,gemma3:4b,1,5,5,prettier/prettier,0,Feature,prettier__prettier-16765,0.0,0.0,0.0,0.0
0.0,0.0,0.2,335,0.0,0.0,0.0,0.0,issue_plus_inventory,2.524,2,3,JavaScript,gemma3:4b,1,1,1,prettier/prettier,0,Feature,prettier__prettier-16765,0.0,0.0,0.0,0.0
0.3333333333333333,0.2,0.4,335,0.0,0.0,0.0,0.0,issue_plus_hints,1.419,2,3,JavaScript,gemma3:4b,1,1,2,prettier/prettier,0,Feature,prettier__prettier-16765,0.4,0.5,0.3333333333333333,0.3333333333333333
0.0,0.0,0.0,89,0.0,0.0,0.0,0.0,issue_only,1.334,2,1,Python,gemma3:4b,1,5,5,keras-team/keras,0,Feature,keras-team__keras-3907,0.0,0.0,0.0,0.0
0.0,0.0,0.0,89,0.0,0.0,0.0,0.0,issue_plus_inventory,1.792,2,1,Python,gemma3:4b,1,1,1,keras-team/keras,0,Feature,keras-team__keras-3907,0.0,0.0,0.0,0.0
0.0,0.0,0.0,89,0.0,0.0,0.0,0.0,issue_plus_hints,0.928,2,1,Python,gemma3:4b,1,1,1,keras-team/keras,0,Feature,keras-team__keras-3907,0.0,0.0,0.0,0.0
0.1,0.5,0.5,89,0.33333333333333337,0.2,1.0,1.0,issue_only,1.8,1,1,Python,gemma3:4b,1,5,5,keras-team/keras,0,Feature,keras-team__keras-3983,0.0,0.0,0.0,0.0
1.0,1.0,1.0,89,1.0,1.0,1.0,1.0,issue_plus_inventory,1.832,1,1,Python,gemma3:4b,1,1,1,keras-team/keras,0,Feature,keras-team__keras-3983,1.0,1.0,1.0,1.0
1.0,1.0,1.0,89,1.0,1.0,1.0,1.0,issue_plus_hints,0.971,1,1,Python,gemma3:4b,1,1,1,keras-team/keras,0,Feature,keras-team__keras-3983,1.0,1.0,1.0,1.0
0.0,0.0,0.0,212,0.0,0.0,0.0,0.0,issue_only,1.104,3,1,Python,gemma3:4b,1,1,1,huggingface/transformers,0,Feature,huggingface__transformers-6744,0.0,0.0,0.0,0.0
0.2,0.5,0.5,212,0.25,0.2,0.3333333333333333,0.3333333333333333,issue_plus_inventory,3.042,3,1,Python,gemma3:4b,1,5,5,huggingface/transformers,0,Feature,huggingface__transformers-6744,0.33333333333333337,0.2,1.0,1.0
1.0,0.5,0.5,212,0.5,1.0,0.3333333333333333,0.3333333333333333,issue_plus_hints,1.074,3,1,Python,gemma3:4b,1,1,1,huggingface/transformers,0,Feature,huggingface__transformers-6744,1.0,1.0,1.0,1.0
0.0,0.0,0.14285714285714285,212,0.0,0.0,0.0,0.0,issue_only,2.738,3,4,Python,gemma3:4b,1,5,4,huggingface/transformers,0,Feature,huggingface__transformers-7562,0.0,0.0,0.0,0.0
1.0,0.2857142857142857,0.2857142857142857,212,0.5,1.0,0.3333333333333333,0.3333333333333333,issue_plus_inventory,2.017,3,4,Python,gemma3:4b,1,1,1,huggingface/transformers,0,Feature,huggingface__transformers-7562,0.4,1.0,0.25,0.25
1.0,0.2857142857142857,0.2857142857142857,212,0.5,1.0,0.3333333333333333,0.3333333333333333,issue_plus_hints,1.038,3,4,Python,gemma3:4b,1,1,1,huggingface/transformers,0,Feature,huggingface__transformers-7562,0.4,1.0,0.25,0.25
0.0,0.0,0.0,212,0.0,0.0,0.0,0.0,issue_only,2.049,3,1,Python,gemma3:4b,1,5,5,huggingface/transformers,0,Feature,huggingface__transformers-13573,0.0,0.0,0.0,0.0
1.0,0.5,0.5,212,0.5,1.0,0.3333333333333333,0.3333333333333333,issue_plus_inventory,2.302,3,1,Python,gemma3:4b,1,1,1,huggingface/transformers,0,Feature,huggingface__transformers-13573,1.0,1.0,1.0,1.0
1.0,0.5,0.5,212,0.5,1.0,0.3333333333333333,0.3333333333333333,issue_plus_hints,1.209,3,1,Python,gemma3:4b,1,1,1,huggingface/transformers,0,Feature,huggingface__transformers-13573,1.0,1.0,1.0,1.0
0.25,0.125,0.125,212,0.28571428571428575,0.3333333333333333,0.25,0.25,issue_only,1.731,4,4,Python,gemma3:4b,1,3,2,huggingface/transformers,0,Feature,huggingface__transformers-13989,0.0,0.0,0.0,0.0
0.2,0.25,0.375,212,0.22222222222222224,0.2,0.25,0.25,issue_plus_inventory,3.716,4,4,Python,gemma3:4b,1,5,5,huggingface/transformers,0,Feature,huggingface__transformers-13989,0.22222222222222224,0.2,0.25,0.25
0.3333333333333333,0.375,0.375,212,0.22222222222222224,0.2,0.25,0.25,issue_plus_hints,2.504,4,4,Python,gemma3:4b,1,5,5,huggingface/transformers,0,Feature,huggingface__transformers-13989,0.4444444444444445,0.4,0.5,0.5
0.0,0.0,0.0,36,0.0,0.0,0.0,0.0,issue_only,2.559,14,1,Python,gemma3:4b,1,5,4,yt-dlp/yt-dlp,0,Feature,yt-dlp__yt-dlp-1649,0.0,0.0,0.0,0.0
0.4,0.26666666666666666,0.3333333333333333,36,0.3157894736842105,0.6,0.21428571428571427,0.21428571428571427,issue_plus_inventory,2.607,14,1,Python,gemma3:4b,1,5,5,yt-dlp/yt-dlp,0,Feature,yt-dlp__yt-dlp-1649,0.33333333333333337,0.2,1.0,1.0
0.4,0.26666666666666666,0.26666666666666666,36,0.3157894736842105,0.6,0.21428571428571427,0.21428571428571427,issue_plus_hints,1.732,14,1,Python,gemma3:4b,1,5,5,yt-dlp/yt-dlp,0,Feature,yt-dlp__yt-dlp-1649,0.33333333333333337,0.2,1.0,1.0
0.2222222222222222,0.5,0.5,212,0.25,0.2,0.3333333333333333,0.3333333333333333,issue_only,2.442,3,1,Python,gemma3:4b,1,5,5,huggingface/transformers,0,Feature,huggingface__transformers-15473,0.33333333333333337,0.2,1.0,1.0
0.1,0.25,0.5,212,0.25,0.2,0.3333333333333333,0.3333333333333333,issue_plus_inventory,3.573,3,1,Python,gemma3:4b,1,5,5,huggingface/transformers,0,Feature,huggingface__transformers-15473,0.0,0.0,0.0,0.0
0.5,0.25,0.25,212,0.5,1.0,0.3333333333333333,0.3333333333333333,issue_plus_hints,1.052,3,1,Python,gemma3:4b,1,1,1,huggingface/transformers,0,Feature,huggingface__transformers-15473,0.0,0.0,0.0,0.0
0.0,0.0,0.0,212,0.0,0.0,0.0,0.0,issue_only,1.947,1,1,Python,gemma3:4b,1,5,5,huggingface/transformers,0,Feature,huggingface__transformers-15795,0.0,0.0,0.0,0.0
0.5,0.5,1.0,212,1.0,1.0,1.0,1.0,issue_plus_inventory,1.926,1,1,Python,gemma3:4b,1,1,1,huggingface/transformers,0,Feature,huggingface__transformers-15795,0.0,0.0,0.0,0.0
0.2,1.0,1.0,212,0.33333333333333337,0.2,1.0,1.0,issue_plus_hints,2.056,1,1,Python,gemma3:4b,1,5,5,huggingface/transformers,0,Feature,huggingface__transformers-15795,0.33333333333333337,0.2,1.0,1.0
0.6,0.5,0.5,212,0.8571428571428571,1.0,0.75,0.75,issue_only,1.782,4,2,Python,gemma3:4b,1,3,2,huggingface/transformers,0,Feature,huggingface__transformers-15831,0.0,0.0,0.0,0.0
1.0,0.3333333333333333,0.3333333333333333,212,0.4,1.0,0.25,0.25,issue_plus_inventory,2.228,4,2,Python,gemma3:4b,1,1,1,huggingface/transformers,0,Feature,huggingface__transformers-15831,0.0,0.0,0.0,0.0
1.0,0.3333333333333333,0.3333333333333333,212,0.4,1.0,0.25,0.25,issue_plus_hints,1.293,4,2,Python,gemma3:4b,1,1,1,huggingface/transformers,0,Feature,huggingface__transformers-15831,0.0,0.0,0.0,0.0
0.1111111111111111,0.5,0.5,212,0.4,0.25,1.0,1.0,issue_only,3.009,1,1,Python,gemma3:4b,1,4,5,huggingface/transformers,0,Feature,huggingface__transformers-15913,0.0,0.0,0.0,0.0
0.5,0.5,0.5,212,1.0,1.0,1.0,1.0,issue_plus_inventory,2.1,1,1,Python,gemma3:4b,1,1,1,huggingface/transformers,0,Feature,huggingface__transformers-15913,0.0,0.0,0.0,0.0
0.5,0.5,0.5,212,1.0,1.0,1.0,1.0,issue_plus_hints,0.988,1,1,Python,gemma3:4b,1,1,1,huggingface/transformers,0,Feature,huggingface__transformers-15913,0.0,0.0,0.0,0.0
0.0,0.0,0.0,36,0.0,0.0,0.0,0.0,issue_only,1.422,5,11,Python,gemma3:4b,1,3,2,yt-dlp/yt-dlp,0,Feature,yt-dlp__yt-dlp-3435,0.0,0.0,0.0,0.0
0.3,0.1875,0.1875,36,0.6,0.6,0.6,0.6,issue_plus_inventory,2.417,5,11,Python,gemma3:4b,1,5,5,yt-dlp/yt-dlp,0,Feature,yt-dlp__yt-dlp-3435,0.0,0.0,0.0,0.0
0.3,0.1875,0.1875,36,0.6,0.6,0.6,0.6,issue_plus_hints,2.014,5,11,Python,gemma3:4b,1,5,5,yt-dlp/yt-dlp,0,Feature,yt-dlp__yt-dlp-3435,0.0,0.0,0.0,0.0
0.0,0.0,0.25,36,0.0,0.0,0.0,0.0,issue_only,2.479,3,1,Python,gemma3:4b,1,5,5,yt-dlp/yt-dlp,0,Feature,yt-dlp__yt-dlp-4524,0.0,0.0,0.0,0.0
0.6666666666666666,0.5,0.5,36,0.5,1.0,0.3333333333333333,0.3333333333333333,issue_plus_inventory,1.328,3,1,Python,gemma3:4b,1,1,2,yt-dlp/yt-dlp,0,Feature,yt-dlp__yt-dlp-4524,0.6666666666666666,0.5,1.0,1.0
0.3333333333333333,0.25,0.25,36,0.5,1.0,0.3333333333333333,0.3333333333333333,issue_plus_hints,1.323,3,1,Python,gemma3:4b,1,1,2,yt-dlp/yt-dlp,0,Feature,yt-dlp__yt-dlp-4524,0.0,0.0,0.0,0.0
0.0,0.0,0.0,212,0.0,0.0,0.0,0.0,issue_only,1.878,1,1,Python,gemma3:4b,1,5,5,huggingface/transformers,0,Feature,huggingface__transformers-19219,0.0,0.0,0.0,0.0
0.0,0.0,0.5,212,0.0,0.0,0.0,0.0,issue_plus_inventory,1.983,1,1,Python,gemma3:4b,1,1,1,huggingface/transformers,0,Feature,huggingface__transformers-19219,0.0,0.0,0.0,0.0
0.1,0.5,0.5,212,0.0,0.0,0.0,0.0,issue_plus_hints,2.248,1,1,Python,gemma3:4b,1,5,5,huggingface/transformers,0,Feature,huggingface__transformers-19219,0.33333333333333337,0.2,1.0,1.0
0.1,0.5,0.5,212,0.33333333333333337,0.2,1.0,1.0,issue_only,2.675,1,1,Python,gemma3:4b,1,5,5,huggingface/transformers,0,Feature,huggingface__transformers-19590,0.0,0.0,0.0,0.0
1.0,1.0,1.0,212,1.0,1.0,1.0,1.0,issue_plus_inventory,2.451,1,1,Python,gemma3:4b,1,1,1,huggingface/transformers,0,Feature,huggingface__transformers-19590,1.0,1.0,1.0,1.0
1.0,1.0,1.0,212,1.0,1.0,1.0,1.0,issue_plus_hints,1.044,1,1,Python,gemma3:4b,1,1,1,huggingface/transformers,0,Feature,huggingface__transformers-19590,1.0,1.0,1.0,1.0
0.0,0.0,0.0,212,0.0,0.0,0.0,0.0,issue_only,1.361,5,2,Python,gemma3:4b,1,1,1,huggingface/transformers,0,Feature,huggingface__transformers-20136,0.0,0.0,0.0,0.0
1.0,0.2857142857142857,0.2857142857142857,212,0.33333333333333337,1.0,0.2,0.2,issue_plus_inventory,2.09,5,2,Python,gemma3:4b,1,1,1,huggingface/transformers,0,Feature,huggingface__transformers-20136,0.0,0.0,0.0,0.0
1.0,0.2857142857142857,0.2857142857142857,212,0.33333333333333337,1.0,0.2,0.2,issue_plus_hints,1.276,5,2,Python,gemma3:4b,1,1,1,huggingface/transformers,0,Feature,huggingface__transformers-20136,0.0,0.0,0.0,0.0
0.125,0.5,1.0,212,0.33333333333333337,0.2,1.0,1.0,issue_only,2.398,1,1,Python,gemma3:4b,1,5,5,huggingface/transformers,0,Feature,huggingface__transformers-21345,0.0,0.0,0.0,0.0
0.5,0.5,0.5,212,1.0,1.0,1.0,1.0,issue_plus_inventory,2.518,1,1,Python,gemma3:4b,1,1,1,huggingface/transformers,0,Feature,huggingface__transformers-21345,0.0,0.0,0.0,0.0
1.0,0.5,0.5,212,1.0,1.0,1.0,1.0,issue_plus_hints,0.962,1,1,Python,gemma3:4b,1,1,1,huggingface/transformers,0,Feature,huggingface__transformers-21345,0.0,0.0,0.0,0.0
0.0,0.0,0.5,212,0.0,0.0,0.0,0.0,issue_only,1.574,1,1,Python,gemma3:4b,1,1,2,huggingface/transformers,0,Feature,huggingface__transformers-21768,0.0,0.0,0.0,0.0
0.1,0.5,0.5,212,0.33333333333333337,0.2,1.0,1.0,issue_plus_inventory,3.019,1,1,Python,gemma3:4b,1,5,5,huggingface/transformers,0,Feature,huggingface__transformers-21768,0.0,0.0,0.0,0.0
0.0,0.0,0.0,212,0.0,0.0,0.0,0.0,issue_plus_hints,0.929,1,1,Python,gemma3:4b,1,1,1,huggingface/transformers,0,Feature,huggingface__transformers-21768,0.0,0.0,0.0,0.0
0.5,0.5,0.5,212,1.0,1.0,1.0,1.0,issue_only,1.426,1,1,Python,gemma3:4b,1,1,1,huggingface/transformers,0,Feature,huggingface__transformers-23126,0.0,0.0,0.0,0.0
0.5,0.5,1.0,212,1.0,1.0,1.0,1.0,issue_plus_inventory,1.753,1,1,Python,gemma3:4b,1,1,1,huggingface/transformers,0,Feature,huggingface__transformers-23126,0.0,0.0,0.0,0.0
0.5,0.5,1.0,212,1.0,1.0,1.0,1.0,issue_plus_hints,1.157,1,1,Python,gemma3:4b,1,1,1,huggingface/transformers,0,Feature,huggingface__transformers-23126,0.0,0.0,0.0,0.0
0.0,0.0,0.0,43,0.0,0.0,0.0,0.0,issue_only,2.535,1,1,Python,gemma3:4b,1,5,5,langchain-ai/langchain,0,Feature,langchain-ai__langchain-5450,0.0,0.0,0.0,0.0
1.0,1.0,1.0,43,1.0,1.0,1.0,1.0,issue_plus_inventory,1.72,1,1,Python,gemma3:4b,1,1,1,langchain-ai/langchain,0,Feature,langchain-ai__langchain-5450,1.0,1.0,1.0,1.0
1.0,1.0,1.0,43,1.0,1.0,1.0,1.0,issue_plus_hints,0.996,1,1,Python,gemma3:4b,1,1,1,langchain-ai/langchain,0,Feature,langchain-ai__langchain-5450,1.0,1.0,1.0,1.0
0.5,0.08333333333333333,0.08333333333333333,212,0.18181818181818182,1.0,0.1,0.1,issue_only,1.205,10,2,Python,gemma3:4b,1,1,1,huggingface/transformers,0,Feature,huggingface__transformers-24510,0.0,0.0,0.0,0.0
0.1,0.08333333333333333,0.25,212,0.13333333333333333,0.2,0.1,0.1,issue_plus_inventory,2.579,10,2,Python,gemma3:4b,1,5,5,huggingface/transformers,0,Feature,huggingface__transformers-24510,0.0,0.0,0.0,0.0
0.0,0.0,0.08333333333333333,212,0.0,0.0,0.0,0.0,issue_plus_hints,1.122,10,2,Python,gemma3:4b,1,1,1,huggingface/transformers,0,Feature,huggingface__transformers-24510,0.0,0.0,0.0,0.0
0.0,0.0,0.0,212,0.0,0.0,0.0,0.0,issue_only,1.334,1,1,Python,gemma3:4b,1,1,2,huggingface/transformers,0,Feature,huggingface__transformers-26386,0.0,0.0,0.0,0.0
0.4,1.0,1.0,212,0.4,0.25,1.0,1.0,issue_plus_inventory,3.045,1,1,Python,gemma3:4b,1,4,3,huggingface/transformers,0,Feature,huggingface__transformers-26386,0.5,0.3333333333333333,1.0,1.0
1.0,1.0,1.0,212,1.0,1.0,1.0,1.0,issue_plus_hints,1.19,1,1,Python,gemma3:4b,1,1,1,huggingface/transformers,0,Feature,huggingface__transformers-26386,1.0,1.0,1.0,1.0
0.5,0.3333333333333333,0.3333333333333333,212,0.6666666666666666,1.0,0.5,0.5,issue_only,1.618,2,1,Python,gemma3:4b,1,1,1,huggingface/transformers,0,Feature,huggingface__transformers-26568,0.0,0.0,0.0,0.0
1.0,0.6666666666666666,0.6666666666666666,212,0.6666666666666666,1.0,0.5,0.5,issue_plus_inventory,2.563,2,1,Python,gemma3:4b,1,1,1,huggingface/transformers,0,Feature,huggingface__transformers-26568,1.0,1.0,1.0,1.0
1.0,0.6666666666666666,0.6666666666666666,212,0.6666666666666666,1.0,0.5,0.5,issue_plus_hints,1.089,2,1,Python,gemma3:4b,1,1,1,huggingface/transformers,0,Feature,huggingface__transformers-26568,1.0,1.0,1.0,1.0
0.0,0.0,0.0,89,0.0,0.0,0.0,0.0,issue_only,1.6,5,1,Python,gemma3:4b,1,5,5,keras-team/keras,0,Feature,keras-team__keras-18649,0.0,0.0,0.0,0.0
0.0,0.0,0.0,89,0.0,0.0,0.0,0.0,issue_plus_inventory,1.683,5,1,Python,gemma3:4b,1,1,1,keras-team/keras,0,Feature,keras-team__keras-18649,0.0,0.0,0.0,0.0
0.0,0.0,0.0,89,0.0,0.0,0.0,0.0,issue_plus_hints,0.995,5,1,Python,gemma3:4b,1,1,1,keras-team/keras,0,Feature,keras-team__keras-18649,0.0,0.0,0.0,0.0
0.5,0.25,0.25,212,0.5,1.0,0.3333333333333333,0.3333333333333333,issue_only,1.504,3,1,Python,gemma3:4b,1,1,1,huggingface/transformers,0,Feature,huggingface__transformers-27463,0.0,0.0,0.0,0.0
1.0,0.5,0.5,212,0.5,1.0,0.3333333333333333,0.3333333333333333,issue_plus_inventory,2.399,3,1,Python,gemma3:4b,1,1,1,huggingface/transformers,0,Feature,huggingface__transformers-27463,1.0,1.0,1.0,1.0
1.0,0.5,0.5,212,0.5,1.0,0.3333333333333333,0.3333333333333333,issue_plus_hints,1.062,3,1,Python,gemma3:4b,1,1,1,huggingface/transformers,0,Feature,huggingface__transformers-27463,1.0,1.0,1.0,1.0
0.0,0.0,0.25,212,0.0,0.0,0.0,0.0,issue_only,1.391,3,1,Python,gemma3:4b,1,3,2,huggingface/transformers,0,Feature,huggingface__transformers-27561,0.0,0.0,0.0,0.0
1.0,0.5,0.5,212,0.5,1.0,0.3333333333333333,0.3333333333333333,issue_plus_inventory,2.032,3,1,Python,gemma3:4b,1,1,1,huggingface/transformers,0,Feature,huggingface__transformers-27561,1.0,1.0,1.0,1.0
1.0,0.5,0.5,212,0.5,1.0,0.3333333333333333,0.3333333333333333,issue_plus_hints,1.325,3,1,Python,gemma3:4b,1,1,1,huggingface/transformers,0,Feature,huggingface__transformers-27561,1.0,1.0,1.0,1.0
0.0,0.0,0.0,212,0.0,0.0,0.0,0.0,issue_only,1.573,3,1,Python,gemma3:4b,1,1,2,huggingface/transformers,0,Feature,huggingface__transformers-27717,0.0,0.0,0.0,0.0
1.0,0.5,0.5,212,0.5,1.0,0.3333333333333333,0.3333333333333333,issue_plus_inventory,2.523,3,1,Python,gemma3:4b,1,1,1,huggingface/transformers,0,Feature,huggingface__transformers-27717,1.0,1.0,1.0,1.0
1.0,0.5,0.5,212,0.5,1.0,0.3333333333333333,0.3333333333333333,issue_plus_hints,1.226,3,1,Python,gemma3:4b,1,1,1,huggingface/transformers,0,Feature,huggingface__transformers-27717,1.0,1.0,1.0,1.0
0.0,0.0,0.14285714285714285,89,0.0,0.0,0.0,0.0,issue_only,1.561,4,3,Python,gemma3:4b,1,3,3,keras-team/keras,0,Feature,keras-team__keras-18852,0.0,0.0,0.0,0.0
0.5,0.14285714285714285,0.14285714285714285,89,0.4,1.0,0.25,0.25,issue_plus_inventory,1.966,4,3,Python,gemma3:4b,1,1,1,keras-team/keras,0,Feature,keras-team__keras-18852,0.0,0.0,0.0,0.0
0.5,0.14285714285714285,0.14285714285714285,89,0.4,1.0,0.25,0.25,issue_plus_hints,1.047,4,3,Python,gemma3:4b,1,1,1,keras-team/keras,0,Feature,keras-team__keras-18852,0.0,0.0,0.0,0.0
0.0,0.0,0.14285714285714285,36,0.0,0.0,0.0,0.0,issue_only,2.453,5,2,Python,gemma3:4b,1,5,5,yt-dlp/yt-dlp,0,Feature,yt-dlp__yt-dlp-8917,0.0,0.0,0.0,0.0
0.1,0.14285714285714285,0.42857142857142855,36,0.0,0.0,0.0,0.0,issue_plus_inventory,2.622,5,2,Python,gemma3:4b,1,5,5,yt-dlp/yt-dlp,0,Feature,yt-dlp__yt-dlp-8917,0.28571428571428575,0.2,0.5,0.5
0.1,0.14285714285714285,0.5714285714285714,36,0.0,0.0,0.0,0.0,issue_plus_hints,1.996,5,2,Python,gemma3:4b,1,5,5,yt-dlp/yt-dlp,0,Feature,yt-dlp__yt-dlp-8917,0.28571428571428575,0.2,0.5,0.5
0.1,0.5,0.5,212,0.33333333333333337,0.2,1.0,1.0,issue_only,2.823,1,1,Python,gemma3:4b,1,5,5,huggingface/transformers,0,Feature,huggingface__transformers-28517,0.0,0.0,0.0,0.0
1.0,1.0,1.0,212,1.0,1.0,1.0,1.0,issue_plus_inventory,2.153,1,1,Python,gemma3:4b,1,1,1,huggingface/transformers,0,Feature,huggingface__transformers-28517,1.0,1.0,1.0,1.0
1.0,1.0,1.0,212,1.0,1.0,1.0,1.0,issue_plus_hints,1.23,1,1,Python,gemma3:4b,1,1,1,huggingface/transformers,0,Feature,huggingface__transformers-28517,1.0,1.0,1.0,1.0
0.0,0.0,0.0,212,0.0,0.0,0.0,0.0,issue_only,2.975,1,1,Python,gemma3:4b,1,5,5,huggingface/transformers,0,Feature,huggingface__transformers-28940,0.0,0.0,0.0,0.0
0.5,0.5,0.5,212,1.0,1.0,1.0,1.0,issue_plus_inventory,1.965,1,1,Python,gemma3:4b,1,1,1,huggingface/transformers,0,Feature,huggingface__transformers-28940,0.0,0.0,0.0,0.0
0.5,0.5,0.5,212,1.0,1.0,1.0,1.0,issue_plus_hints,1.036,1,1,Python,gemma3:4b,1,1,1,huggingface/transformers,0,Feature,huggingface__transformers-28940,0.0,0.0,0.0,0.0
0.0,0.0,0.2,212,0.0,0.0,0.0,0.0,issue_only,3.031,3,2,Python,gemma3:4b,1,5,5,huggingface/transformers,0,Feature,huggingface__transformers-29589,0.0,0.0,0.0,0.0
0.5,0.2,0.2,212,0.5,1.0,0.3333333333333333,0.3333333333333333,issue_plus_inventory,2.366,3,2,Python,gemma3:4b,1,1,1,huggingface/transformers,0,Feature,huggingface__transformers-29589,0.0,0.0,0.0,0.0
0.5,0.2,0.2,212,0.5,1.0,0.3333333333333333,0.3333333333333333,issue_plus_hints,1.172,3,2,Python,gemma3:4b,1,1,1,huggingface/transformers,0,Feature,huggingface__transformers-29589,0.0,0.0,0.0,0.0
0.14285714285714285,0.5,0.5,212,0.4,0.25,1.0,1.0,issue_only,2.219,1,1,Python,gemma3:4b,1,4,4,huggingface/transformers,0,Feature,huggingface__transformers-29688,0.0,0.0,0.0,0.0
0.5,0.5,0.5,212,1.0,1.0,1.0,1.0,issue_plus_inventory,2.135,1,1,Python,gemma3:4b,1,1,1,huggingface/transformers,0,Feature,huggingface__transformers-29688,0.0,0.0,0.0,0.0
0.5,0.5,0.5,212,1.0,1.0,1.0,1.0,issue_plus_hints,0.982,1,1,Python,gemma3:4b,1,1,1,huggingface/transformers,0,Feature,huggingface__transformers-29688,0.0,0.0,0.0,0.0
0.25,0.5,0.5,43,0.5,0.3333333333333333,1.0,1.0,issue_only,1.562,1,1,Python,gemma3:4b,1,3,2,langchain-ai/langchain,0,Feature,langchain-ai__langchain-19331,0.0,0.0,0.0,0.0
1.0,1.0,1.0,43,1.0,1.0,1.0,1.0,issue_plus_inventory,1.816,1,1,Python,gemma3:4b,1,1,1,langchain-ai/langchain,0,Feature,langchain-ai__langchain-19331,1.0,1.0,1.0,1.0
1.0,1.0,1.0,43,1.0,1.0,1.0,1.0,issue_plus_hints,1.173,1,1,Python,gemma3:4b,1,1,1,langchain-ai/langchain,0,Feature,langchain-ai__langchain-19331,1.0,1.0,1.0,1.0
0.0,0.0,0.5,212,0.0,0.0,0.0,0.0,issue_only,1.522,1,1,Python,gemma3:4b,1,5,5,huggingface/transformers,0,Feature,huggingface__transformers-29838,0.0,0.0,0.0,0.0
0.5,0.5,1.0,212,1.0,1.0,1.0,1.0,issue_plus_inventory,1.802,1,1,Python,gemma3:4b,1,1,1,huggingface/transformers,0,Feature,huggingface__transformers-29838,0.0,0.0,0.0,0.0
0.5,0.5,1.0,212,1.0,1.0,1.0,1.0,issue_plus_hints,0.964,1,1,Python,gemma3:4b,1,1,1,huggingface/transformers,0,Feature,huggingface__transformers-29838,0.0,0.0,0.0,0.0
0.1,0.3333333333333333,0.3333333333333333,212,0.28571428571428575,0.2,0.5,0.5,issue_only,2.278,2,1,Python,gemma3:4b,1,5,5,huggingface/transformers,0,Feature,huggingface__transformers-31095,0.0,0.0,0.0,0.0
1.0,0.6666666666666666,0.6666666666666666,212,0.6666666666666666,1.0,0.5,0.5,issue_plus_inventory,1.951,2,1,Python,gemma3:4b,1,1,1,huggingface/transformers,0,Feature,huggingface__transformers-31095,1.0,1.0,1.0,1.0
1.0,0.6666666666666666,0.6666666666666666,212,0.6666666666666666,1.0,0.5,0.5,issue_plus_hints,0.939,2,1,Python,gemma3:4b,1,1,1,huggingface/transformers,0,Feature,huggingface__transformers-31095,1.0,1.0,1.0,1.0
0.0,0.0,0.0,212,0.0,0.0,0.0,0.0,issue_only,1.411,3,1,Python,gemma3:4b,1,1,4,huggingface/transformers,0,Feature,huggingface__transformers-31247,0.0,0.0,0.0,0.0
0.3333333333333333,0.25,0.25,212,0.5,1.0,0.3333333333333333,0.3333333333333333,issue_plus_inventory,1.974,3,1,Python,gemma3:4b,1,1,2,huggingface/transformers,0,Feature,huggingface__transformers-31247,0.0,0.0,0.0,0.0
0.3333333333333333,0.25,0.25,212,0.5,1.0,0.3333333333333333,0.3333333333333333,issue_plus_hints,1.141,3,1,Python,gemma3:4b,1,1,2,huggingface/transformers,0,Feature,huggingface__transformers-31247,0.0,0.0,0.0,0.0
0.0,0.0,0.0,89,0.0,0.0,0.0,0.0,issue_only,1.957,7,1,Python,gemma3:4b,1,5,5,keras-team/keras,0,Feature,keras-team__keras-19903,0.0,0.0,0.0,0.0
0.0,0.0,0.0,89,0.0,0.0,0.0,0.0,issue_plus_inventory,1.742,7,1,Python,gemma3:4b,1,1,1,keras-team/keras,0,Feature,keras-team__keras-19903,0.0,0.0,0.0,0.0
0.0,0.0,0.0,89,0.0,0.0,0.0,0.0,issue_plus_hints,1.192,7,1,Python,gemma3:4b,1,1,1,keras-team/keras,0,Feature,keras-team__keras-19903,0.0,0.0,0.0,0.0
0.0,0.0,0.0,28,0.0,0.0,0.0,0.0,issue_only,2.19,2,3,TypeScript,gemma3:4b,1,5,5,tailwindlabs/tailwindcss,0,Feature,tailwindlabs__tailwindcss-88,0.0,0.0,0.0,0.0
0.0,0.0,0.0,28,0.0,0.0,0.0,0.0,issue_plus_inventory,2.498,2,3,TypeScript,gemma3:4b,1,5,5,tailwindlabs/tailwindcss,0,Feature,tailwindlabs__tailwindcss-88,0.0,0.0,0.0,0.0
0.0,0.0,0.0,28,0.0,0.0,0.0,0.0,issue_plus_hints,1.956,2,3,TypeScript,gemma3:4b,1,5,5,tailwindlabs/tailwindcss,0,Feature,tailwindlabs__tailwindcss-88,0.0,0.0,0.0,0.0
0.0,0.0,0.0,28,0.0,0.0,0.0,0.0,issue_only,1.942,1,1,TypeScript,gemma3:4b,1,5,5,tailwindlabs/tailwindcss,0,Feature,tailwindlabs__tailwindcss-165,0.0,0.0,0.0,0.0
0.14285714285714285,0.5,0.5,28,0.4,0.25,1.0,1.0,issue_plus_inventory,1.715,1,1,TypeScript,gemma3:4b,1,4,3,tailwindlabs/tailwindcss,0,Feature,tailwindlabs__tailwindcss-165,0.0,0.0,0.0,0.0
0.14285714285714285,0.5,0.5,28,0.4,0.25,1.0,1.0,issue_plus_hints,1.532,1,1,TypeScript,gemma3:4b,1,4,3,tailwindlabs/tailwindcss,0,Feature,tailwindlabs__tailwindcss-165,0.0,0.0,0.0,0.0
0.0,0.0,0.0,28,0.0,0.0,0.0,0.0,issue_only,1.865,1,1,TypeScript,gemma3:4b,1,5,5,tailwindlabs/tailwindcss,0,Feature,tailwindlabs__tailwindcss-236,0.0,0.0,0.0,0.0
0.0,0.0,0.0,28,0.0,0.0,0.0,0.0,issue_plus_inventory,1.722,1,1,TypeScript,gemma3:4b,1,3,3,tailwindlabs/tailwindcss,0,Feature,tailwindlabs__tailwindcss-236,0.0,0.0,0.0,0.0
0.0,0.0,0.0,28,0.0,0.0,0.0,0.0,issue_plus_hints,1.373,1,1,TypeScript,gemma3:4b,1,3,3,tailwindlabs/tailwindcss,0,Feature,tailwindlabs__tailwindcss-236,0.0,0.0,0.0,0.0
0.0,0.0,0.0,28,0.0,0.0,0.0,0.0,issue_only,1.905,1,1,TypeScript,gemma3:4b,1,5,5,tailwindlabs/tailwindcss,0,Feature,tailwindlabs__tailwindcss-417,0.0,0.0,0.0,0.0
0.3333333333333333,1.0,1.0,28,0.5,0.3333333333333333,1.0,1.0,issue_plus_inventory,1.601,1,1,TypeScript,gemma3:4b,1,3,3,tailwindlabs/tailwindcss,0,Feature,tailwindlabs__tailwindcss-417,0.5,0.3333333333333333,1.0,1.0
0.2857142857142857,1.0,1.0,28,0.4,0.25,1.0,1.0,issue_plus_hints,1.461,1,1,TypeScript,gemma3:4b,1,4,3,tailwindlabs/tailwindcss,0,Feature,tailwindlabs__tailwindcss-417,0.5,0.3333333333333333,1.0,1.0
0.0,0.0,0.0,28,0.0,0.0,0.0,0.0,issue_only,1.713,1,1,TypeScript,gemma3:4b,1,5,5,tailwindlabs/tailwindcss,0,Feature,tailwindlabs__tailwindcss-445,0.0,0.0,0.0,0.0
0.16666666666666666,0.5,0.5,28,0.4,0.25,1.0,1.0,issue_plus_inventory,1.492,1,1,TypeScript,gemma3:4b,1,4,2,tailwindlabs/tailwindcss,0,Feature,tailwindlabs__tailwindcss-445,0.0,0.0,0.0,0.0
0.5,0.5,0.5,28,1.0,1.0,1.0,1.0,issue_plus_hints,1.025,1,1,TypeScript,gemma3:4b,1,1,1,tailwindlabs/tailwindcss,0,Feature,tailwindlabs__tailwindcss-445,0.0,0.0,0.0,0.0
0.0,0.0,0.0,28,0.0,0.0,0.0,0.0,issue_only,1.673,2,1,TypeScript,gemma3:4b,1,5,5,tailwindlabs/tailwindcss,0,Feature,tailwindlabs__tailwindcss-463,0.0,0.0,0.0,0.0
1.0,0.6666666666666666,0.6666666666666666,28,0.6666666666666666,1.0,0.5,0.5,issue_plus_inventory,1.274,2,1,TypeScript,gemma3:4b,1,1,1,tailwindlabs/tailwindcss,0,Feature,tailwindlabs__tailwindcss-463,1.0,1.0,1.0,1.0
1.0,0.6666666666666666,0.6666666666666666,28,0.6666666666666666,1.0,0.5,0.5,issue_plus_hints,1.118,2,1,TypeScript,gemma3:4b,1,1,1,tailwindlabs/tailwindcss,0,Feature,tailwindlabs__tailwindcss-463,1.0,1.0,1.0,1.0
0.0,0.0,0.0,407,0.0,0.0,0.0,0.0,issue_only,1.576,3,1,TypeScript,gemma3:4b,1,3,2,mui/material-ui,0,Feature,mui__material-ui-11446,0.0,0.0,0.0,0.0
1.0,0.5,0.5,407,0.5,1.0,0.3333333333333333,0.3333333333333333,issue_plus_inventory,2.014,3,1,TypeScript,gemma3:4b,1,1,1,mui/material-ui,0,Feature,mui__material-ui-11446,1.0,1.0,1.0,1.0
1.0,0.5,0.5,407,0.5,1.0,0.3333333333333333,0.3333333333333333,issue_plus_hints,1.286,3,1,TypeScript,gemma3:4b,1,1,1,mui/material-ui,0,Feature,mui__material-ui-11446,1.0,1.0,1.0,1.0
0.1,0.5,0.5,28,0.33333333333333337,0.2,1.0,1.0,issue_only,2.132,1,1,TypeScript,gemma3:4b,1,5,5,tailwindlabs/tailwindcss,0,Feature,tailwindlabs__tailwindcss-553,0.0,0.0,0.0,0.0
1.0,1.0,1.0,28,1.0,1.0,1.0,1.0,issue_plus_inventory,1.333,1,1,TypeScript,gemma3:4b,1,1,1,tailwindlabs/tailwindcss,0,Feature,tailwindlabs__tailwindcss-553,1.0,1.0,1.0,1.0
1.0,1.0,1.0,28,1.0,1.0,1.0,1.0,issue_plus_hints,0.987,1,1,TypeScript,gemma3:4b,1,1,1,tailwindlabs/tailwindcss,0,Feature,tailwindlabs__tailwindcss-553,1.0,1.0,1.0,1.0
0.0,0.0,0.5,407,0.0,0.0,0.0,0.0,issue_only,1.67,3,1,TypeScript,gemma3:4b,1,3,2,mui/material-ui,0,Feature,mui__material-ui-13828,0.0,0.0,0.0,0.0
0.0,0.0,0.0,407,0.0,0.0,0.0,0.0,issue_plus_inventory,1.932,3,1,TypeScript,gemma3:4b,1,1,1,mui/material-ui,0,Feature,mui__material-ui-13828,0.0,0.0,0.0,0.0
0.0,0.0,0.0,407,0.0,0.0,0.0,0.0,issue_plus_hints,1.15,3,1,TypeScript,gemma3:4b,1,1,1,mui/material-ui,0,Feature,mui__material-ui-13828,0.0,0.0,0.0,0.0
0.0,0.0,0.0,407,0.0,0.0,0.0,0.0,issue_only,1.967,5,2,TypeScript,gemma3:4b,1,5,5,mui/material-ui,0,Feature,mui__material-ui-13899,0.0,0.0,0.0,0.0
0.2,0.2857142857142857,0.2857142857142857,407,0.20000000000000004,0.2,0.2,0.2,issue_plus_inventory,3.36,5,2,TypeScript,gemma3:4b,1,5,5,mui/material-ui,0,Feature,mui__material-ui-13899,0.28571428571428575,0.2,0.5,0.5
0.0,0.0,0.0,407,0.0,0.0,0.0,0.0,issue_plus_hints,1.19,5,2,TypeScript,gemma3:4b,1,1,1,mui/material-ui,0,Feature,mui__material-ui-13899,0.0,0.0,0.0,0.0
0.0,0.0,0.0,407,0.0,0.0,0.0,0.0,issue_only,2.216,10,3,TypeScript,gemma3:4b,1,5,5,mui/material-ui,0,Feature,mui__material-ui-14465,0.0,0.0,0.0,0.0
0.0,0.0,0.0,407,0.0,0.0,0.0,0.0,issue_plus_inventory,2.332,10,3,TypeScript,gemma3:4b,1,1,1,mui/material-ui,0,Feature,mui__material-ui-14465,0.0,0.0,0.0,0.0
0.0,0.0,0.0,407,0.0,0.0,0.0,0.0,issue_plus_hints,1.097,10,3,TypeScript,gemma3:4b,1,1,1,mui/material-ui,0,Feature,mui__material-ui-14465,0.0,0.0,0.0,0.0
0.0,0.0,0.0,28,0.0,0.0,0.0,0.0,issue_only,1.587,1,1,TypeScript,gemma3:4b,1,5,5,tailwindlabs/tailwindcss,0,Feature,tailwindlabs__tailwindcss-849,0.0,0.0,0.0,0.0
0.2,1.0,1.0,28,0.33333333333333337,0.2,1.0,1.0,issue_plus_inventory,2.023,1,1,TypeScript,gemma3:4b,1,5,5,tailwindlabs/tailwindcss,0,Feature,tailwindlabs__tailwindcss-849,0.33333333333333337,0.2,1.0,1.0
0.2,1.0,1.0,28,0.33333333333333337,0.2,1.0,1.0,issue_plus_hints,1.801,1,1,TypeScript,gemma3:4b,1,5,5,tailwindlabs/tailwindcss,0,Feature,tailwindlabs__tailwindcss-849,0.33333333333333337,0.2,1.0,1.0
0.0,0.0,0.0,407,0.0,0.0,0.0,0.0,issue_only,2.108,3,1,TypeScript,gemma3:4b,1,5,5,mui/material-ui,0,Feature,mui__material-ui-15495,0.0,0.0,0.0,0.0
0.2,0.5,0.5,407,0.25,0.2,0.3333333333333333,0.3333333333333333,issue_plus_inventory,3.296,3,1,TypeScript,gemma3:4b,1,5,5,mui/material-ui,0,Feature,mui__material-ui-15495,0.33333333333333337,0.2,1.0,1.0
1.0,0.5,0.5,407,0.5,1.0,0.3333333333333333,0.3333333333333333,issue_plus_hints,1.248,3,1,TypeScript,gemma3:4b,1,1,1,mui/material-ui,0,Feature,mui__material-ui-15495,1.0,1.0,1.0,1.0
0.0,0.0,0.0,407,0.0,0.0,0.0,0.0,issue_only,1.621,1,1,TypeScript,gemma3:4b,1,5,5,mui/material-ui,0,Feature,mui__material-ui-17005,0.0,0.0,0.0,0.0
1.0,1.0,1.0,407,1.0,1.0,1.0,1.0,issue_plus_inventory,2.169,1,1,TypeScript,gemma3:4b,1,1,1,mui/material-ui,0,Feature,mui__material-ui-17005,1.0,1.0,1.0,1.0
1.0,1.0,1.0,407,1.0,1.0,1.0,1.0,issue_plus_hints,1.298,1,1,TypeScript,gemma3:4b,1,1,1,mui/material-ui,0,Feature,mui__material-ui-17005,1.0,1.0,1.0,1.0
0.0,0.0,0.0,407,0.0,0.0,0.0,0.0,issue_only,1.728,3,2,TypeScript,gemma3:4b,1,5,5,mui/material-ui,0,Feature,mui__material-ui-17640,0.0,0.0,0.0,0.0
1.0,0.4,0.4,407,0.5,1.0,0.3333333333333333,0.3333333333333333,issue_plus_inventory,2.186,3,2,TypeScript,gemma3:4b,1,1,1,mui/material-ui,0,Feature,mui__material-ui-17640,0.6666666666666666,1.0,0.5,0.5
1.0,0.4,0.4,407,0.5,1.0,0.3333333333333333,0.3333333333333333,issue_plus_hints,1.266,3,2,TypeScript,gemma3:4b,1,1,1,mui/material-ui,0,Feature,mui__material-ui-17640,0.6666666666666666,1.0,0.5,0.5
0.0,0.0,0.0,407,0.0,0.0,0.0,0.0,issue_only,1.835,5,4,TypeScript,gemma3:4b,1,5,5,mui/material-ui,0,Feature,mui__material-ui-17691,0.0,0.0,0.0,0.0
1.0,0.2222222222222222,0.2222222222222222,407,0.33333333333333337,1.0,0.2,0.2,issue_plus_inventory,2.229,5,4,TypeScript,gemma3:4b,1,1,1,mui/material-ui,0,Feature,mui__material-ui-17691,0.4,1.0,0.25,0.25
0.5,0.1111111111111111,0.1111111111111111,407,0.33333333333333337,1.0,0.2,0.2,issue_plus_hints,1.224,5,4,TypeScript,gemma3:4b,1,1,1,mui/material-ui,0,Feature,mui__material-ui-17691,0.0,0.0,0.0,0.0
0.0,0.0,0.3333333333333333,407,0.0,0.0,0.0,0.0,issue_only,1.434,2,1,TypeScript,gemma3:4b,1,3,2,mui/material-ui,0,Feature,mui__material-ui-17829,0.0,0.0,0.0,0.0
1.0,0.6666666666666666,0.6666666666666666,407,0.6666666666666666,1.0,0.5,0.5,issue_plus_inventory,2.143,2,1,TypeScript,gemma3:4b,1,1,1,mui/material-ui,0,Feature,mui__material-ui-17829,1.0,1.0,1.0,1.0
1.0,0.6666666666666666,0.6666666666666666,407,0.6666666666666666,1.0,0.5,0.5,issue_plus_hints,1.064,2,1,TypeScript,gemma3:4b,1,1,1,mui/material-ui,0,Feature,mui__material-ui-17829,1.0,1.0,1.0,1.0
0.0,0.0,0.0,407,0.0,0.0,0.0,0.0,issue_only,1.896,6,1,TypeScript,gemma3:4b,1,5,5,mui/material-ui,0,Feature,mui__material-ui-18744,0.0,0.0,0.0,0.0
0.5,0.14285714285714285,0.14285714285714285,407,0.0,0.0,0.0,0.0,issue_plus_inventory,2.099,6,1,TypeScript,gemma3:4b,1,1,1,mui/material-ui,0,Feature,mui__material-ui-18744,1.0,1.0,1.0,1.0
0.5,0.14285714285714285,0.14285714285714285,407,0.0,0.0,0.0,0.0,issue_plus_hints,1.236,6,1,TypeScript,gemma3:4b,1,1,1,mui/material-ui,0,Feature,mui__material-ui-18744,1.0,1.0,1.0,1.0
0.0,0.0,0.0,407,0.0,0.0,0.0,0.0,issue_only,1.77,9,2,TypeScript,gemma3:4b,1,5,5,mui/material-ui,0,Feature,mui__material-ui-20133,0.0,0.0,0.0,0.0
0.0,0.0,0.0,407,0.0,0.0,0.0,0.0,issue_plus_inventory,2.259,9,2,TypeScript,gemma3:4b,1,1,1,mui/material-ui,0,Feature,mui__material-ui-20133,0.0,0.0,0.0,0.0
0.0,0.0,0.0,407,0.0,0.0,0.0,0.0,issue_plus_hints,1.094,9,2,TypeScript,gemma3:4b,1,1,1,mui/material-ui,0,Feature,mui__material-ui-20133,0.0,0.0,0.0,0.0
0.1111111111111111,0.25,0.25,407,0.25,0.2,0.3333333333333333,0.3333333333333333,issue_only,1.936,3,1,TypeScript,gemma3:4b,1,5,5,mui/material-ui,0,Feature,mui__material-ui-20781,0.0,0.0,0.0,0.0
1.0,0.5,0.5,407,0.5,1.0,0.3333333333333333,0.3333333333333333,issue_plus_inventory,2.231,3,1,TypeScript,gemma3:4b,1,1,1,mui/material-ui,0,Feature,mui__material-ui-20781,1.0,1.0,1.0,1.0
1.0,0.5,0.5,407,0.5,1.0,0.3333333333333333,0.3333333333333333,issue_plus_hints,1.202,3,1,TypeScript,gemma3:4b,1,1,1,mui/material-ui,0,Feature,mui__material-ui-20781,1.0,1.0,1.0,1.0
0.2,0.16666666666666666,0.16666666666666666,407,0.28571428571428575,0.3333333333333333,0.25,0.25,issue_only,1.884,4,2,TypeScript,gemma3:4b,1,3,2,mui/material-ui,0,Feature,mui__material-ui-21192,0.0,0.0,0.0,0.0
0.6666666666666666,0.3333333333333333,0.3333333333333333,407,0.4,1.0,0.25,0.25,issue_plus_inventory,2.633,4,2,TypeScript,gemma3:4b,1,1,2,mui/material-ui,0,Feature,mui__material-ui-21192,0.5,0.5,0.5,0.5
0.5,0.16666666666666666,0.16666666666666666,407,0.4,1.0,0.25,0.25,issue_plus_hints,1.226,4,2,TypeScript,gemma3:4b,1,1,1,mui/material-ui,0,Feature,mui__material-ui-21192,0.0,0.0,0.0,0.0
0.0,0.0,0.0,407,0.0,0.0,0.0,0.0,issue_only,2.947,3,4,TypeScript,gemma3:4b,1,5,5,mui/material-ui,0,Feature,mui__material-ui-23364,0.0,0.0,0.0,0.0
0.2,0.2857142857142857,0.2857142857142857,407,0.25,0.2,0.3333333333333333,0.3333333333333333,issue_plus_inventory,4.166,3,4,TypeScript,gemma3:4b,1,5,5,mui/material-ui,0,Feature,mui__material-ui-23364,0.22222222222222224,0.2,0.25,0.25
0.0,0.0,0.0,407,0.0,0.0,0.0,0.0,issue_plus_hints,1.45,3,4,TypeScript,gemma3:4b,1,1,2,mui/material-ui,0,Feature,mui__material-ui-23364,0.0,0.0,0.0,0.0
0.0,0.0,0.0,133,0.0,0.0,0.0,0.0,issue_only,2.351,1,1,TypeScript,gemma3:4b,1,5,5,microsoft/vscode,0,Feature,microsoft__vscode-114208,0.0,0.0,0.0,0.0
0.3333333333333333,1.0,1.0,133,0.5,0.3333333333333333,1.0,1.0,issue_plus_inventory,3.154,1,1,TypeScript,gemma3:4b,1,3,3,microsoft/vscode,0,Feature,microsoft__vscode-114208,0.5,0.3333333333333333,1.0,1.0
0.16666666666666666,0.5,0.5,133,0.5,0.3333333333333333,1.0,1.0,issue_plus_hints,1.952,1,1,TypeScript,gemma3:4b,1,3,3,microsoft/vscode,0,Feature,microsoft__vscode-114208,0.0,0.0,0.0,0.0
0.0,0.0,0.0,407,0.0,0.0,0.0,0.0,issue_only,1.732,6,5,TypeScript,gemma3:4b,1,5,5,mui/material-ui,0,Feature,mui__material-ui-26746,0.0,0.0,0.0,0.0
0.0,0.0,0.18181818181818182,407,0.0,0.0,0.0,0.0,issue_plus_inventory,3.624,6,5,TypeScript,gemma3:4b,1,5,5,mui/material-ui,0,Feature,mui__material-ui-26746,0.0,0.0,0.0,0.0
0.5,0.09090909090909091,0.09090909090909091,407,0.0,0.0,0.0,0.0,issue_plus_hints,1.364,6,5,TypeScript,gemma3:4b,1,1,1,mui/material-ui,0,Feature,mui__material-ui-26746,0.33333333333333337,1.0,0.2,0.2
0.0,0.0,0.0,133,0.0,0.0,0.0,0.0,issue_only,1.945,2,1,TypeScript,gemma3:4b,1,5,5,microsoft/vscode,0,Feature,microsoft__vscode-127257,0.0,0.0,0.0,0.0
0.3333333333333333,0.6666666666666666,0.6666666666666666,133,0.4,0.3333333333333333,0.5,0.5,issue_plus_inventory,3.047,2,1,TypeScript,gemma3:4b,1,3,3,microsoft/vscode,0,Feature,microsoft__vscode-127257,0.5,0.3333333333333333,1.0,1.0
1.0,0.6666666666666666,0.6666666666666666,133,0.6666666666666666,1.0,0.5,0.5,issue_plus_hints,1.093,2,1,TypeScript,gemma3:4b,1,1,1,microsoft/vscode,0,Feature,microsoft__vscode-127257,1.0,1.0,1.0,1.0
0.0,0.0,0.0,133,0.0,0.0,0.0,0.0,issue_only,2.483,2,1,TypeScript,gemma3:4b,1,5,5,microsoft/vscode,0,Feature,microsoft__vscode-128931,0.0,0.0,0.0,0.0
0.6666666666666666,0.6666666666666666,0.6666666666666666,133,0.6666666666666666,1.0,0.5,0.5,issue_plus_inventory,2.559,2,1,TypeScript,gemma3:4b,1,1,2,microsoft/vscode,0,Feature,microsoft__vscode-128931,0.6666666666666666,0.5,1.0,1.0
0.6666666666666666,0.6666666666666666,0.6666666666666666,133,0.6666666666666666,1.0,0.5,0.5,issue_plus_hints,1.329,2,1,TypeScript,gemma3:4b,1,1,2,microsoft/vscode,0,Feature,microsoft__vscode-128931,0.6666666666666666,0.5,1.0,1.0
0.0,0.0,0.0,407,0.0,0.0,0.0,0.0,issue_only,2.177,3,1,TypeScript,gemma3:4b,1,5,5,mui/material-ui,0,Feature,mui__material-ui-28813,0.0,0.0,0.0,0.0
1.0,0.5,0.5,407,0.5,1.0,0.3333333333333333,0.3333333333333333,issue_plus_inventory,2.275,3,1,TypeScript,gemma3:4b,1,1,1,mui/material-ui,0,Feature,mui__material-ui-28813,1.0,1.0,1.0,1.0
1.0,0.5,0.5,407,0.5,1.0,0.3333333333333333,0.3333333333333333,issue_plus_hints,1.138,3,1,TypeScript,gemma3:4b,1,1,1,mui/material-ui,0,Feature,mui__material-ui-28813,1.0,1.0,1.0,1.0
0.0,0.0,0.0,27,0.0,0.0,0.0,0.0,issue_only,1.678,7,1,TypeScript,gemma3:4b,1,5,5,coder/code-server,0,Feature,coder__code-server-4597,0.0,0.0,0.0,0.0
0.0,0.0,0.0,27,0.0,0.0,0.0,0.0,issue_plus_inventory,2.052,7,1,TypeScript,gemma3:4b,1,5,5,coder/code-server,0,Feature,coder__code-server-4597,0.0,0.0,0.0,0.0
0.0,0.0,0.0,27,0.0,0.0,0.0,0.0,issue_plus_hints,2.024,7,1,TypeScript,gemma3:4b,1,5,5,coder/code-server,0,Feature,coder__code-server-4597,0.0,0.0,0.0,0.0
0.0,0.0,0.0625,27,0.0,0.0,0.0,0.0,issue_only,1.819,12,4,TypeScript,gemma3:4b,1,5,5,coder/code-server,0,Feature,coder__code-server-4678,0.0,0.0,0.0,0.0
0.2,0.125,0.125,27,0.0,0.0,0.0,0.0,issue_plus_inventory,2.083,12,4,TypeScript,gemma3:4b,1,5,5,coder/code-server,0,Feature,coder__code-server-4678,0.4444444444444445,0.4,0.5,0.5
0.2,0.125,0.125,27,0.0,0.0,0.0,0.0,issue_plus_hints,1.856,12,4,TypeScript,gemma3:4b,1,5,5,coder/code-server,0,Feature,coder__code-server-4678,0.4444444444444445,0.4,0.5,0.5
0.0,0.0,0.0,27,0.0,0.0,0.0,0.0,issue_only,2.059,2,2,TypeScript,gemma3:4b,1,5,5,coder/code-server,0,Feature,coder__code-server-4923,0.0,0.0,0.0,0.0
0.4,1.0,1.0,27,0.5714285714285715,0.4,1.0,1.0,issue_plus_inventory,1.991,2,2,TypeScript,gemma3:4b,1,5,5,coder/code-server,0,Feature,coder__code-server-4923,0.5714285714285715,0.4,1.0,1.0
0.4,1.0,1.0,27,0.5714285714285715,0.4,1.0,1.0,issue_plus_hints,2.062,2,2,TypeScript,gemma3:4b,1,5,5,coder/code-server,0,Feature,coder__code-server-4923,0.5714285714285715,0.4,1.0,1.0
0.0,0.0,0.0,133,0.0,0.0,0.0,0.0,issue_only,2.234,8,3,TypeScript,gemma3:4b,1,5,5,microsoft/vscode,0,Feature,microsoft__vscode-146962,0.0,0.0,0.0,0.0
0.3333333333333333,0.09090909090909091,0.09090909090909091,133,0.0,0.0,0.0,0.0,issue_plus_inventory,2.372,8,3,TypeScript,gemma3:4b,1,1,2,microsoft/vscode,0,Feature,microsoft__vscode-146962,0.4,0.5,0.3333333333333333,0.3333333333333333
0.3333333333333333,0.09090909090909091,0.09090909090909091,133,0.0,0.0,0.0,0.0,issue_plus_hints,1.341,8,3,TypeScript,gemma3:4b,1,1,2,microsoft/vscode,0,Feature,microsoft__vscode-146962,0.4,0.5,0.3333333333333333,0.3333333333333333
0.0,0.0,0.2,133,0.0,0.0,0.0,0.0,issue_only,2.482,4,1,TypeScript,gemma3:4b,1,5,5,microsoft/vscode,0,Feature,microsoft__vscode-152802,0.0,0.0,0.0,0.0
0.4,0.4,0.4,133,0.4,1.0,0.25,0.25,issue_plus_inventory,3.108,4,1,TypeScript,gemma3:4b,1,1,4,microsoft/vscode,0,Feature,microsoft__vscode-152802,0.0,0.0,0.0,0.0
0.2,0.2,0.2,133,0.4,1.0,0.25,0.25,issue_plus_hints,1.798,4,1,TypeScript,gemma3:4b,1,1,4,microsoft/vscode,0,Feature,microsoft__vscode-152802,0.0,0.0,0.0,0.0
0.0,0.0,0.0,407,0.0,0.0,0.0,0.0,issue_only,2.445,9,1,TypeScript,gemma3:4b,1,5,3,mui/material-ui,0,Feature,mui__material-ui-33312,0.0,0.0,0.0,0.0
0.3333333333333333,0.1,0.2,407,0.0,0.0,0.0,0.0,issue_plus_inventory,2.242,9,1,TypeScript,gemma3:4b,1,1,2,mui/material-ui,0,Feature,mui__material-ui-33312,0.6666666666666666,0.5,1.0,1.0
0.3333333333333333,0.1,0.2,407,0.0,0.0,0.0,0.0,issue_plus_hints,1.172,9,1,TypeScript,gemma3:4b,1,1,2,mui/material-ui,0,Feature,mui__material-ui-33312,0.6666666666666666,0.5,1.0,1.0
0.0,0.0,0.0,133,0.0,0.0,0.0,0.0,issue_only,2.026,2,1,TypeScript,gemma3:4b,1,3,2,microsoft/vscode,0,Feature,microsoft__vscode-155261,0.0,0.0,0.0,0.0
0.5,0.3333333333333333,0.6666666666666666,133,0.0,0.0,0.0,0.0,issue_plus_inventory,2.419,2,1,TypeScript,gemma3:4b,1,1,1,microsoft/vscode,0,Feature,microsoft__vscode-155261,1.0,1.0,1.0,1.0
0.5,0.3333333333333333,0.6666666666666666,133,0.0,0.0,0.0,0.0,issue_plus_hints,1.115,2,1,TypeScript,gemma3:4b,1,1,1,microsoft/vscode,0,Feature,microsoft__vscode-155261,1.0,1.0,1.0,1.0
0.0,0.0,0.0,133,0.0,0.0,0.0,0.0,issue_only,2.443,6,1,TypeScript,gemma3:4b,1,5,5,microsoft/vscode,0,Feature,microsoft__vscode-156733,0.0,0.0,0.0,0.0
0.3333333333333333,0.2857142857142857,0.2857142857142857,133,0.4444444444444444,0.6666666666666666,0.3333333333333333,0.3333333333333333,issue_plus_inventory,2.931,6,1,TypeScript,gemma3:4b,1,3,3,microsoft/vscode,0,Feature,microsoft__vscode-156733,0.0,0.0,0.0,0.0
0.3333333333333333,0.14285714285714285,0.14285714285714285,133,0.2857142857142857,1.0,0.16666666666666666,0.16666666666666666,issue_plus_hints,1.267,6,1,TypeScript,gemma3:4b,1,1,2,microsoft/vscode,0,Feature,microsoft__vscode-156733,0.0,0.0,0.0,0.0
0.0,0.0,0.3333333333333333,407,0.0,0.0,0.0,0.0,issue_only,2.446,10,2,TypeScript,gemma3:4b,1,5,5,mui/material-ui,0,Feature,mui__material-ui-34138,0.0,0.0,0.0,0.0
1.0,0.6666666666666666,0.6666666666666666,407,0.5714285714285715,1.0,0.4,0.4,issue_plus_inventory,3.687,10,2,TypeScript,gemma3:4b,1,4,4,mui/material-ui,0,Feature,mui__material-ui-34138,0.6666666666666666,0.5,1.0,1.0
1.0,0.5833333333333334,0.5833333333333334,407,0.5714285714285715,1.0,0.4,0.4,issue_plus_hints,1.841,10,2,TypeScript,gemma3:4b,1,4,3,mui/material-ui,0,Feature,mui__material-ui-34138,0.8,0.6666666666666666,1.0,1.0
0.0,0.0,0.0,407,0.0,0.0,0.0,0.0,issue_only,2.091,20,5,TypeScript,gemma3:4b,1,5,5,mui/material-ui,0,Feature,mui__material-ui-34158,0.0,0.0,0.0,0.0
0.0,0.0,0.0,407,0.0,0.0,0.0,0.0,issue_plus_inventory,2.34,20,5,TypeScript,gemma3:4b,1,1,2,mui/material-ui,0,Feature,mui__material-ui-34158,0.0,0.0,0.0,0.0
0.0,0.0,0.0,407,0.0,0.0,0.0,0.0,issue_plus_hints,1.155,20,5,TypeScript,gemma3:4b,1,1,2,mui/material-ui,0,Feature,mui__material-ui-34158,0.0,0.0,0.0,0.0
0.0,0.0,0.0,407,0.0,0.0,0.0,0.0,issue_only,2.051,11,1,TypeScript,gemma3:4b,1,5,5,mui/material-ui,0,Feature,mui__material-ui-34207,0.0,0.0,0.0,0.0
1.0,0.16666666666666666,0.16666666666666666,407,0.16666666666666669,1.0,0.09090909090909091,0.09090909090909091,issue_plus_inventory,2.282,11,1,TypeScript,gemma3:4b,1,1,1,mui/material-ui,0,Feature,mui__material-ui-34207,1.0,1.0,1.0,1.0
1.0,0.16666666666666666,0.16666666666666666,407,0.16666666666666669,1.0,0.09090909090909091,0.09090909090909091,issue_plus_hints,1.033,11,1,TypeScript,gemma3:4b,1,1,1,mui/material-ui,0,Feature,mui__material-ui-34207,1.0,1.0,1.0,1.0
0.0,0.0,0.0,27,0.0,0.0,0.0,0.0,issue_only,1.43,3,2,TypeScript,gemma3:4b,1,5,3,coder/code-server,0,Feature,coder__code-server-5633,0.0,0.0,0.0,0.0
0.6,0.6,0.6,27,0.6666666666666666,0.6666666666666666,0.6666666666666666,0.6666666666666666,issue_plus_inventory,1.548,3,2,TypeScript,gemma3:4b,1,3,2,coder/code-server,0,Feature,coder__code-server-5633,0.5,0.5,0.5,0.5
0.7142857142857143,1.0,1.0,27,0.8571428571428571,0.75,1.0,1.0,issue_plus_hints,1.462,3,2,TypeScript,gemma3:4b,1,4,3,coder/code-server,0,Feature,coder__code-server-5633,0.8,0.6666666666666666,1.0,1.0
0.0,0.0,0.0,133,0.0,0.0,0.0,0.0,issue_only,2.029,4,1,TypeScript,gemma3:4b,1,5,5,microsoft/vscode,0,Feature,microsoft__vscode-165197,0.0,0.0,0.0,0.0
0.4,0.8,0.8,133,0.6666666666666665,0.6,0.75,0.75,issue_plus_inventory,3.861,4,1,TypeScript,gemma3:4b,1,5,5,microsoft/vscode,0,Feature,microsoft__vscode-165197,0.33333333333333337,0.2,1.0,1.0
0.4,0.8,0.8,133,0.6666666666666665,0.6,0.75,0.75,issue_plus_hints,2.8,4,1,TypeScript,gemma3:4b,1,5,5,microsoft/vscode,0,Feature,microsoft__vscode-165197,0.33333333333333337,0.2,1.0,1.0
0.0,0.0,0.0,133,0.0,0.0,0.0,0.0,issue_only,2.154,3,1,TypeScript,gemma3:4b,1,5,5,microsoft/vscode,0,Feature,microsoft__vscode-168788,0.0,0.0,0.0,0.0
0.1,0.25,0.25,133,0.0,0.0,0.0,0.0,issue_plus_inventory,3.908,3,1,TypeScript,gemma3:4b,1,5,5,microsoft/vscode,0,Feature,microsoft__vscode-168788,0.33333333333333337,0.2,1.0,1.0
0.0,0.0,0.0,133,0.0,0.0,0.0,0.0,issue_plus_hints,1.65,3,1,TypeScript,gemma3:4b,1,1,2,microsoft/vscode,0,Feature,microsoft__vscode-168788,0.0,0.0,0.0,0.0
0.0,0.0,0.0,133,0.0,0.0,0.0,0.0,issue_only,2.25,1,1,TypeScript,gemma3:4b,1,5,5,microsoft/vscode,0,Feature,microsoft__vscode-178291,0.0,0.0,0.0,0.0
0.0,0.0,0.0,133,0.0,0.0,0.0,0.0,issue_plus_inventory,2.491,1,1,TypeScript,gemma3:4b,1,1,1,microsoft/vscode,0,Feature,microsoft__vscode-178291,0.0,0.0,0.0,0.0
0.0,0.0,0.0,133,0.0,0.0,0.0,0.0,issue_plus_hints,1.315,1,1,TypeScript,gemma3:4b,1,1,1,microsoft/vscode,0,Feature,microsoft__vscode-178291,0.0,0.0,0.0,0.0
0.0,0.0,0.0,133,0.0,0.0,0.0,0.0,issue_only,2.08,1,1,TypeScript,gemma3:4b,1,5,5,microsoft/vscode,0,Feature,microsoft__vscode-178513,0.0,0.0,0.0,0.0
0.0,0.0,0.0,133,0.0,0.0,0.0,0.0,issue_plus_inventory,3.504,1,1,TypeScript,gemma3:4b,1,5,5,microsoft/vscode,0,Feature,microsoft__vscode-178513,0.0,0.0,0.0,0.0
0.0,0.0,0.0,133,0.0,0.0,0.0,0.0,issue_plus_hints,2.875,1,1,TypeScript,gemma3:4b,1,5,5,microsoft/vscode,0,Feature,microsoft__vscode-178513,0.0,0.0,0.0,0.0
0.0,0.0,0.0,27,0.0,0.0,0.0,0.0,issue_only,1.822,1,1,TypeScript,gemma3:4b,1,5,5,coder/code-server,0,Feature,coder__code-server-6115,0.0,0.0,0.0,0.0
0.14285714285714285,0.5,0.5,27,0.4,0.25,1.0,1.0,issue_plus_inventory,1.65,1,1,TypeScript,gemma3:4b,1,4,3,coder/code-server,0,Feature,coder__code-server-6115,0.0,0.0,0.0,0.0
0.2,1.0,1.0,27,0.33333333333333337,0.2,1.0,1.0,issue_plus_hints,1.935,1,1,TypeScript,gemma3:4b,1,5,5,coder/code-server,0,Feature,coder__code-server-6115,0.33333333333333337,0.2,1.0,1.0
0.0,0.0,0.0,133,0.0,0.0,0.0,0.0,issue_only,2.579,1,1,TypeScript,gemma3:4b,1,5,5,microsoft/vscode,0,Feature,microsoft__vscode-178694,0.0,0.0,0.0,0.0
0.0,0.0,0.0,133,0.0,0.0,0.0,0.0,issue_plus_inventory,3.71,1,1,TypeScript,gemma3:4b,1,5,5,microsoft/vscode,0,Feature,microsoft__vscode-178694,0.0,0.0,0.0,0.0
0.0,0.0,0.0,133,0.0,0.0,0.0,0.0,issue_plus_hints,1.081,1,1,TypeScript,gemma3:4b,1,1,1,microsoft/vscode,0,Feature,microsoft__vscode-178694,0.0,0.0,0.0,0.0
0.0,0.0,0.0,133,0.0,0.0,0.0,0.0,issue_only,2.127,5,4,TypeScript,gemma3:4b,1,5,5,microsoft/vscode,0,Feature,microsoft__vscode-182669,0.0,0.0,0.0,0.0
0.7,0.7777777777777778,0.7777777777777778,133,0.6,0.6,0.6,0.6,issue_plus_inventory,3.761,5,4,TypeScript,gemma3:4b,1,5,5,microsoft/vscode,0,Feature,microsoft__vscode-182669,0.888888888888889,0.8,1.0,1.0
0.7,0.7777777777777778,0.7777777777777778,133,0.6,0.6,0.6,0.6,issue_plus_hints,2.673,5,4,TypeScript,gemma3:4b,1,5,5,microsoft/vscode,0,Feature,microsoft__vscode-182669,0.888888888888889,0.8,1.0,1.0
0.0,0.0,0.16666666666666666,27,0.0,0.0,0.0,0.0,issue_only,1.29,5,1,TypeScript,gemma3:4b,1,1,1,coder/code-server,0,Feature,coder__code-server-6225,0.0,0.0,0.0,0.0
0.5,0.16666666666666666,0.16666666666666666,27,0.33333333333333337,1.0,0.2,0.2,issue_plus_inventory,1.408,5,1,TypeScript,gemma3:4b,1,1,1,coder/code-server,0,Feature,coder__code-server-6225,0.0,0.0,0.0,0.0
0.5,0.16666666666666666,0.16666666666666666,27,0.33333333333333337,1.0,0.2,0.2,issue_plus_hints,1.098,5,1,TypeScript,gemma3:4b,1,1,1,coder/code-server,0,Feature,coder__code-server-6225,0.0,0.0,0.0,0.0
0.0,0.0,0.0,407,0.0,0.0,0.0,0.0,issue_only,2.254,18,1,TypeScript,gemma3:4b,1,5,5,mui/material-ui,0,Feature,mui__material-ui-37908,0.0,0.0,0.0,0.0
0.0,0.0,0.0,407,0.0,0.0,0.0,0.0,issue_plus_inventory,2.123,18,1,TypeScript,gemma3:4b,1,1,1,mui/material-ui,0,Feature,mui__material-ui-37908,0.0,0.0,0.0,0.0
0.0,0.0,0.0,407,0.0,0.0,0.0,0.0,issue_plus_hints,1.264,18,1,TypeScript,gemma3:4b,1,1,1,mui/material-ui,0,Feature,mui__material-ui-37908,0.0,0.0,0.0,0.0
0.0,0.0,0.08695652173913043,407,0.0,0.0,0.0,0.0,issue_only,1.711,21,2,TypeScript,gemma3:4b,1,5,5,mui/material-ui,0,Feature,mui__material-ui-38167,0.0,0.0,0.0,0.0
0.14285714285714285,0.043478260869565216,0.13043478260869565,407,0.08,0.25,0.047619047619047616,0.047619047619047616,issue_plus_inventory,2.91,21,2,TypeScript,gemma3:4b,1,4,3,mui/material-ui,0,Feature,mui__material-ui-38167,0.0,0.0,0.0,0.0
0.0,0.0,0.0,407,0.0,0.0,0.0,0.0,issue_plus_hints,1.209,21,2,TypeScript,gemma3:4b,1,1,1,mui/material-ui,0,Feature,mui__material-ui-38167,0.0,0.0,0.0,0.0
0.0,0.0,0.0,133,0.0,0.0,0.0,0.0,issue_only,1.162,1,1,TypeScript,gemma3:4b,1,1,1,microsoft/vscode,0,Feature,microsoft__vscode-190351,0.0,0.0,0.0,0.0
0.2,1.0,1.0,133,0.33333333333333337,0.2,1.0,1.0,issue_plus_inventory,4.096,1,1,TypeScript,gemma3:4b,1,5,5,microsoft/vscode,0,Feature,microsoft__vscode-190351,0.33333333333333337,0.2,1.0,1.0
0.2222222222222222,1.0,1.0,133,0.33333333333333337,0.2,1.0,1.0,issue_plus_hints,3.069,1,1,TypeScript,gemma3:4b,1,5,5,microsoft/vscode,0,Feature,microsoft__vscode-190351,0.33333333333333337,0.2,1.0,1.0
0.0,0.0,0.0,133,0.0,0.0,0.0,0.0,issue_only,1.764,1,1,TypeScript,gemma3:4b,1,5,5,microsoft/vscode,0,Feature,microsoft__vscode-191602,0.0,0.0,0.0,0.0
0.2,1.0,1.0,133,0.33333333333333337,0.2,1.0,1.0,issue_plus_inventory,2.985,1,1,TypeScript,gemma3:4b,1,5,5,microsoft/vscode,0,Feature,microsoft__vscode-191602,0.33333333333333337,0.2,1.0,1.0
0.0,0.0,0.5,133,0.0,0.0,0.0,0.0,issue_plus_hints,2.973,1,1,TypeScript,gemma3:4b,1,5,5,microsoft/vscode,0,Feature,microsoft__vscode-191602,0.0,0.0,0.0,0.0
0.0,0.0,0.0,27,0.0,0.0,0.0,0.0,issue_only,1.863,1,1,TypeScript,gemma3:4b,1,5,5,coder/code-server,0,Feature,coder__code-server-6423,0.0,0.0,0.0,0.0
0.2,1.0,1.0,27,0.33333333333333337,0.2,1.0,1.0,issue_plus_inventory,2.0,1,1,TypeScript,gemma3:4b,1,5,5,coder/code-server,0,Feature,coder__code-server-6423,0.33333333333333337,0.2,1.0,1.0
0.2,1.0,1.0,27,0.33333333333333337,0.2,1.0,1.0,issue_plus_hints,1.835,1,1,TypeScript,gemma3:4b,1,5,5,coder/code-server,0,Feature,coder__code-server-6423,0.33333333333333337,0.2,1.0,1.0
