cohort,seed_mode,a,b,n,difference,cluster_low,cluster_high,task_low,task_high,wins,ties,losses
feature,primary,q256_d2048,q256_d256,184,-0.1209397696825766,-0.15474633701042328,-0.08260373128443989,-0.15457351759050128,-0.089457344873885,5,111,68
feature,primary,q2048_d2048,q2048_d256,184,-0.12159441395135129,-0.1612116012686707,-0.07927420994753254,-0.15649305298947644,-0.08906076478269172,7,106,71
feature,primary,q2048_d256,q256_d256,184,0.02418693926846101,0.009444678523154396,0.03996610287950797,0.011607142857142858,0.03860652820910973,17,165,2
feature,primary,q2048_d2048,q256_d2048,184,0.023532294999686305,0.009272924066286064,0.03652872119758085,0.008172564150825021,0.040306480958654856,15,167,2
feature,primary,interaction,zero,184,-0.0006546442687747025,-0.01388888888888889,0.015691013129359357,-0.02282643986448334,0.020532047964113176,10,163,11
external,primary,q256_d2048,q256_d256,24,-0.14375000000000002,-0.26587301587301587,-0.041304347826086954,-0.2604166666666667,-0.03887152777777803,2,12,10
external,primary,q2048_d2048,q2048_d256,24,-0.1851851851851852,-0.3263888888888889,-0.05176767676767677,-0.3183159722222222,-0.05555555555555555,2,11,11
external,primary,q2048_d256,q256_d256,24,0.09282407407407407,0.02905797101449276,0.16466666666666666,0.03263888888888889,0.1625,7,17,0
external,primary,q2048_d2048,q256_d2048,24,0.051388888888888894,0.0,0.11160434782608682,0.0,0.11249999999999999,3,21,0
external,primary,interaction,zero,24,-0.041435185185185186,-0.12439734299516908,0.04492753623188405,-0.13080439814814815,0.045370370370370366,3,15,6
