method,recall_10,precision_10,code_recall_10,test_recall_10
path_bm25,0.307870,0.083333,0.348611,0.250000
content_bm25,0.501389,0.133333,0.597222,0.386364
dense_minilm,0.323148,0.091667,0.298611,0.356061
hybrid_rrf,0.529398,0.145833,0.493056,0.568182
coderank256_pool100,0.325463,0.100000,0.397222,0.250000
coderank2048_pool100,0.233102,0.079167,0.187500,0.356061
qwen3-coder:30b/paths,0.680787,0.191667,0.661111,0.666667
qwen3-coder:30b/content,0.662269,0.183333,0.681944,0.575758
devstral-small-2:24b/paths,0.613657,0.170833,0.598611,0.643939
devstral-small-2:24b/content,0.617130,0.170833,0.619444,0.621212
navigation/restricted40,0.598611,0.175000,0.556944,0.674242
navigation/repository,0.656713,0.191667,0.633333,0.696970
