all_recall_at_10,basename_all_recall_at_10,code_precision_at_5,code_recall_at_10,code_recall_at_5,condition,elapsed_sec,language,model,n,parse_ok,test_precision_at_5,test_recall_at_10,test_recall_at_5
0.04967532467532467,0.08518668831168831,0.14393939393939392,0.07258158508158509,0.07258158508158509,issue_only,2.700136363636364,Java,deepseek-coder:6.7b,44,1.0,0.011363636363636364,0.022727272727272728,0.022727272727272728
0.01011111111111111,0.03666666666666666,0.045,0.01284313725490196,0.01284313725490196,issue_only,1.8136800000000006,JavaScript,deepseek-coder:6.7b,50,1.0,0.0,0.0,0.0
0.15554511278195488,0.22947994987468676,0.3201754385964913,0.28402255639097745,0.28402255639097745,issue_only,1.9468157894736842,Python,deepseek-coder:6.7b,38,1.0,0.0,0.0,0.0
0.025641025641025644,0.07489316239316239,0.09615384615384616,0.040705128205128206,0.040705128205128206,issue_only,1.8196730769230776,TypeScript,deepseek-coder:6.7b,52,1.0,0.0,0.0,0.0
0.2441638222888223,0.28292193917193914,0.430681818181818,0.25118465165256604,0.25118465165256604,issue_plus_hints,3.8273181818181823,Java,deepseek-coder:6.7b,44,1.0,0.2522727272727272,0.2909090909090909,0.2909090909090909
0.23889204740907524,0.31816583794602366,0.3593333333333334,0.22867112299465242,0.22867112299465242,issue_plus_hints,2.5326400000000002,JavaScript,deepseek-coder:6.7b,50,1.0,0.24,0.30109401709401706,0.30109401709401706
0.3601347117794486,0.3888941102756892,0.6635964912280702,0.5144736842105263,0.5144736842105263,issue_plus_hints,2.0790263157894735,Python,deepseek-coder:6.7b,38,1.0,0.10614035087719298,0.19078947368421054,0.19078947368421054
0.32987158674658673,0.34226232101232096,0.42467948717948717,0.32738927738927737,0.32738927738927737,issue_plus_hints,2.346730769230769,TypeScript,deepseek-coder:6.7b,52,1.0,0.18301282051282056,0.26987179487179486,0.26987179487179486
0.2673645798645799,0.28907724220224223,0.41666666666666646,0.23073010619802056,0.23073010619802056,issue_plus_inventory,6.636363636363635,Java,deepseek-coder:6.7b,44,1.0,0.2662878787878787,0.3325757575757576,0.3325757575757576
0.24268577415017037,0.33289762954623625,0.34333333333333327,0.2581711229946524,0.2581711229946524,issue_plus_inventory,4.09352,JavaScript,deepseek-coder:6.7b,50,1.0,0.23466666666666666,0.2933321123321123,0.2933321123321123
0.3649906015037594,0.3959429824561404,0.6478070175438596,0.5179824561403509,0.5179824561403509,issue_plus_inventory,3.404210526315789,Python,deepseek-coder:6.7b,38,1.0,0.1469298245614035,0.21511164274322167,0.21511164274322167
0.3224196636696636,0.3341121378621379,0.4128205128205128,0.3034188034188034,0.3034188034188034,issue_plus_inventory,3.607538461538461,TypeScript,deepseek-coder:6.7b,52,1.0,0.2458333333333333,0.36762820512820515,0.36762820512820515
